User_ID,Age,Gender,Platform,Daily_Usage_Time (minutes),Posts_Per_Day,Likes_Received_Per_Day,Comments_Received_Per_Day,Messages_Sent_Per_Day,Dominant_Emotion
1,27.0,Female,Instagram,120.0,3.0,45.0,10.0,12.0,Happiness
2,21.0,Male,Twitter,90.0,5.0,20.0,25.0,30.0,Anger
3,28.0,Non-binary,Facebook,60.0,2.0,15.0,5.0,20.0,Neutral
4,27.0,Female,Instagram,200.0,8.0,100.0,30.0,50.0,Anxiety
5,21.0,Male,LinkedIn,45.0,1.0,5.0,2.0,10.0,Boredom
6,25.0,Male,Instagram,150.0,4.0,60.0,15.0,25.0,Happiness
7,25.0,Female,Twitter,85.0,3.0,30.0,10.0,18.0,Anger
8,21.0,Non-binary,Facebook,110.0,6.0,25.0,12.0,22.0,Sadness
9,24.0,Female,LinkedIn,55.0,2.0,10.0,3.0,8.0,Neutral
10,33.0,Male,Instagram,170.0,5.0,80.0,20.0,35.0,Happiness
11,32.0,Female,Twitter,75.0,4.0,35.0,7.0,20.0,Anxiety
12,23.0,Non-binary,Facebook,95.0,3.0,20.0,10.0,18.0,Sadness
13,32.0,Male,LinkedIn,65.0,1.0,12.0,4.0,15.0,Boredom
14,25.0,Female,Instagram,180.0,7.0,90.0,25.0,40.0,Happiness
15,35.0,Male,Twitter,100.0,6.0,40.0,23.0,28.0,Anger
16,31.0,Non-binary,Facebook,40.0,1.0,5.0,2.0,10.0,Neutral
17,31.0,Female,Instagram,125.0,4.0,55.0,18.0,30.0,Anxiety
18,34.0,Male,Twitter,90.0,3.0,33.0,15.0,25.0,Sadness
19,28.0,Non-binary,LinkedIn,50.0,1.0,8.0,3.0,12.0,Neutral
20,29.0,Female,Instagram,140.0,5.0,70.0,22.0,33.0,Happiness
21,31.0,Male,Facebook,75.0,2.0,25.0,10.0,18.0,Anxiety
22,23.0,Female,Twitter,105.0,4.0,28.0,14.0,20.0,Anger
23,22.0,Male,LinkedIn,60.0,2.0,11.0,5.0,17.0,Boredom
24,25.0,Non-binary,Instagram,190.0,8.0,95.0,26.0,45.0,Happiness
25,24.0,Female,Twitter,70.0,3.0,20.0,12.0,15.0,Sadness
26,29.0,Male,Facebook,80.0,2.0,18.0,8.0,21.0,Neutral
27,27.0,Non-binary,LinkedIn,55.0,1.0,9.0,2.0,11.0,Anxiety
28,27.0,Female,Instagram,160.0,6.0,85.0,19.0,32.0,Happiness
29,29.0,Male,Twitter,90.0,4.0,38.0,17.0,24.0,Anger
30,31.0,Non-binary,Facebook,45.0,1.0,6.0,3.0,10.0,Sadness
31,21.0,Female,LinkedIn,65.0,2.0,13.0,4.0,14.0,Boredom
32,28.0,Male,Instagram,145.0,5.0,75.0,20.0,35.0,Happiness
33,31.0,Non-binary,Twitter,70.0,3.0,27.0,11.0,18.0,Neutral
34,32.0,Female,Instagram,130.0,6.0,88.0,15.0,30.0,Sadness
35,27.0,Male,Facebook,65.0,2.0,22.0,8.0,20.0,Anxiety
36,28.0,Non-binary,LinkedIn,55.0,1.0,10.0,5.0,11.0,Boredom
37,28.0,Female,Instagram,170.0,7.0,90.0,25.0,40.0,Happiness
38,27.0,Male,Twitter,85.0,4.0,35.0,15.0,20.0,Anger
39,26.0,Female,Instagram,115.0,3.0,55.0,12.0,25.0,Neutral
40,35.0,Non-binary,Facebook,100.0,2.0,18.0,10.0,22.0,Anxiety
41,31.0,Male,LinkedIn,45.0,1.0,6.0,2.0,9.0,Sadness
42,26.0,Female,Instagram,150.0,6.0,80.0,18.0,30.0,Happiness
43,29.0,Male,Twitter,95.0,4.0,40.0,20.0,22.0,Anger
44,23.0,Non-binary,Facebook,105.0,2.0,20.0,8.0,18.0,Neutral
45,30.0,Female,LinkedIn,60.0,1.0,12.0,5.0,14.0,Boredom
46,29.0,Male,Instagram,175.0,7.0,85.0,23.0,38.0,Happiness
47,27.0,Female,Twitter,90.0,3.0,33.0,12.0,20.0,Sadness
48,34.0,Non-binary,Facebook,75.0,2.0,28.0,11.0,18.0,Anxiety
49,25.0,Male,Instagram,130.0,5.0,70.0,19.0,31.0,Neutral
50,23.0,Female,LinkedIn,55.0,1.0,8.0,4.0,10.0,Boredom
51,34.0,Male,Instagram,165.0,6.0,78.0,22.0,27.0,Happiness
52,28.0,Female,Twitter,75.0,3.0,29.0,15.0,19.0,Anger
53,23.0,Non-binary,Facebook,85.0,2.0,25.0,7.0,20.0,Neutral
54,24.0,Female,Instagram,145.0,4.0,60.0,18.0,35.0,Sadness
55,28.0,Male,LinkedIn,60.0,1.0,10.0,3.0,17.0,Anxiety
56,27.0,Female,Whatsapp,70.0,2.0,40.0,8.0,21.0,Anxiety
57,27.0,Male,Telegram,90.0,3.0,20.0,10.0,22.0,Boredom
58,28.0,Non-binary,Snapchat,50.0,2.0,15.0,5.0,18.0,Sadness
59,27.0,Female,Twitter,95.0,4.0,45.0,20.0,25.0,Happiness
60,25.0,Male,Facebook,60.0,1.0,10.0,4.0,15.0,Boredom
61,28.0,Female,Instagram,175.0,6.0,70.0,23.0,33.0,Happiness
62,27.0,Male,Whatsapp,70.0,3.0,20.0,8.0,18.0,Anger
63,27.0,Non-binary,Telegram,80.0,2.0,18.0,7.0,20.0,Neutral
64,29.0,Female,Snapchat,120.0,4.0,50.0,15.0,30.0,Anxiety
65,23.0,Male,Twitter,90.0,6.0,40.0,12.0,26.0,Sadness
66,23.0,Non-binary,Facebook,60.0,1.0,8.0,2.0,12.0,Boredom
67,23.0,Male,Instagram,165.0,5.0,75.0,18.0,35.0,Happiness
68,23.0,Female,Whatsapp,65.0,2.0,25.0,8.0,20.0,Neutral
69,26.0,Male,Telegram,105.0,3.0,45.0,15.0,28.0,Anxiety
70,27.0,Non-binary,Snapchat,75.0,2.0,18.0,6.0,20.0,Sadness
71,30.0,Female,Instagram,140.0,4.0,60.0,18.0,30.0,Happiness
72,35.0,Male,Twitter,70.0,1.0,12.0,7.0,10.0,Boredom
73,29.0,Non-binary,Facebook,55.0,3.0,15.0,5.0,12.0,Neutral
74,31.0,Female,Whatsapp,90.0,2.0,20.0,9.0,22.0,Anger
75,31.0,Male,Telegram,80.0,4.0,28.0,11.0,25.0,Neutral
76,27.0,Non-binary,Snapchat,115.0,3.0,36.0,12.0,27.0,Anxiety
77,22.0,Female,Instagram,155.0,6.0,72.0,20.0,38.0,Happiness
78,31.0,Male,Twitter,75.0,2.0,22.0,10.0,18.0,Sadness
79,26.0,Non-binary,Facebook,65.0,1.0,12.0,5.0,14.0,Anxiety
80,32.0,Female,Whatsapp,90.0,4.0,35.0,14.0,20.0,Neutral
81,26.0,Male,Telegram,50.0,2.0,18.0,6.0,12.0,Sadness
82,29.0,Non-binary,Snapchat,85.0,3.0,30.0,13.0,18.0,Happiness
83,21.0,Female,Instagram,120.0,5.0,55.0,19.0,25.0,Anger
84,22.0,Male,Twitter,70.0,1.0,20.0,5.0,22.0,Neutral
85,29.0,Non-binary,Facebook,75.0,2.0,18.0,8.0,20.0,Boredom
86,24.0,Female,Whatsapp,100.0,4.0,35.0,12.0,26.0,Anxiety
87,26.0,Male,Telegram,85.0,3.0,40.0,15.0,28.0,Sadness
88,28.0,Non-binary,Snapchat,60.0,1.0,15.0,5.0,12.0,Neutral
89,32.0,Female,Instagram,170.0,6.0,78.0,22.0,33.0,Happiness
90,30.0,Male,Twitter,70.0,2.0,28.0,10.0,20.0,Anxiety
91,28.0,Non-binary,Facebook,50.0,1.0,8.0,2.0,10.0,Boredom
92,33.0,Female,Whatsapp,105.0,4.0,50.0,18.0,25.0,Anger
93,23.0,Male,Telegram,75.0,3.0,33.0,13.0,22.0,Neutral
94,29.0,Female,Snapchat,95.0,2.0,20.0,7.0,28.0,Sadness
95,28.0,Male,Instagram,150.0,5.0,65.0,20.0,30.0,Anxiety
96,26.0,Non-binary,Twitter,85.0,4.0,30.0,13.0,18.0,Boredom
97,26.0,Female,Facebook,70.0,1.0,12.0,5.0,10.0,Neutral
98,27.0,Male,Whatsapp,110.0,3.0,45.0,20.0,25.0,Happiness
99,22.0,Non-binary,Telegram,60.0,2.0,15.0,6.0,18.0,Anger
100,33.0,Female,Snapchat,120.0,4.0,38.0,13.0,22.0,Neutral
101,24.0,Female,Instagram,120.0,5.0,50.0,20.0,25.0,Happiness
102,24.0,Male,Twitter,90.0,4.0,30.0,20.0,22.0,Anger
103,27.0,Non-binary,Facebook,60.0,2.0,20.0,10.0,15.0,Neutral
104,27.0,Female,Instagram,200.0,8.0,110.0,40.0,45.0,Anxiety
105,27.0,Male,LinkedIn,45.0,1.0,10.0,5.0,12.0,Boredom
106,27.0,Male,Instagram,150.0,5.0,65.0,25.0,30.0,Happiness
107,27.0,Female,Twitter,85.0,3.0,40.0,18.0,20.0,Anger
108,27.0,Non-binary,Facebook,110.0,6.0,35.0,16.0,25.0,Sadness
109,27.0,Female,LinkedIn,55.0,2.0,15.0,5.0,10.0,Neutral
110,27.0,Male,Instagram,170.0,7.0,90.0,35.0,40.0,Happiness
111,27.0,Female,Twitter,75.0,4.0,45.0,20.0,25.0,Anxiety
112,27.0,Non-binary,Facebook,95.0,3.0,30.0,14.0,18.0,Sadness
113,27.0,Male,LinkedIn,65.0,1.0,14.0,6.0,15.0,Boredom
114,27.0,Female,Instagram,180.0,8.0,100.0,38.0,45.0,Happiness
115,27.0,Male,Twitter,100.0,6.0,50.0,30.0,29.0,Anger
116,27.0,Non-binary,Facebook,40.0,1.0,10.0,4.0,12.0,Neutral
117,27.0,Female,Instagram,125.0,5.0,65.0,22.0,28.0,Anxiety
118,27.0,Male,Twitter,90.0,3.0,40.0,16.0,24.0,Sadness
119,27.0,Non-binary,LinkedIn,50.0,1.0,12.0,6.0,12.0,Neutral
120,27.0,Female,Instagram,140.0,6.0,75.0,28.0,30.0,Happiness
121,27.0,Male,Facebook,75.0,2.0,30.0,14.0,20.0,Anxiety
122,27.0,Female,Twitter,105.0,4.0,35.0,20.0,23.0,Anger
123,27.0,Male,LinkedIn,60.0,2.0,17.0,8.0,15.0,Boredom
124,27.0,Non-binary,Instagram,190.0,8.0,105.0,36.0,50.0,Happiness
125,27.0,Female,Twitter,70.0,3.0,25.0,16.0,15.0,Sadness
126,27.0,Male,Facebook,80.0,2.0,20.0,10.0,20.0,Neutral
127,27.0,Non-binary,LinkedIn,55.0,1.0,12.0,5.0,11.0,Anxiety
128,27.0,Female,Instagram,160.0,6.0,85.0,26.0,30.0,Happiness
129,27.0,Male,Twitter,90.0,4.0,43.0,19.0,24.0,Anger
130,27.0,Non-binary,Facebook,45.0,1.0,8.0,4.0,12.0,Sadness
131,27.0,Female,LinkedIn,65.0,2.0,17.0,5.0,14.0,Boredom
132,27.0,Male,Instagram,145.0,7.0,80.0,30.0,35.0,Happiness
133,27.0,Non-binary,Twitter,70.0,3.0,30.0,14.0,18.0,Neutral
134,27.0,Female,Instagram,130.0,6.0,95.0,22.0,28.0,Sadness
135,27.0,Male,Facebook,65.0,2.0,27.0,11.0,22.0,Anxiety
136,27.0,Non-binary,LinkedIn,55.0,1.0,11.0,6.0,11.0,Boredom
137,27.0,Female,Instagram,170.0,7.0,95.0,30.0,38.0,Happiness
138,27.0,Male,Twitter,85.0,4.0,45.0,18.0,24.0,Anger
139,27.0,Female,Instagram,115.0,3.0,60.0,17.0,30.0,Neutral
140,27.0,Non-binary,Facebook,100.0,2.0,22.0,12.0,25.0,Anxiety
141,27.0,Male,LinkedIn,45.0,1.0,9.0,4.0,10.0,Sadness
142,27.0,Female,Instagram,150.0,6.0,90.0,26.0,30.0,Happiness
143,27.0,Male,Twitter,95.0,4.0,50.0,22.0,22.0,Anger
144,27.0,Non-binary,Facebook,105.0,2.0,25.0,12.0,18.0,Neutral
145,27.0,Female,LinkedIn,60.0,1.0,15.0,7.0,14.0,Boredom
146,27.0,Male,Instagram,175.0,7.0,100.0,33.0,38.0,Happiness
147,27.0,Female,Twitter,90.0,3.0,37.0,14.0,20.0,Sadness
148,27.0,Non-binary,Facebook,75.0,2.0,30.0,12.0,18.0,Anxiety
149,27.0,Male,Instagram,130.0,5.0,80.0,28.0,31.0,Neutral
150,27.0,Female,LinkedIn,55.0,1.0,12.0,6.0,10.0,Boredom
151,27.0,Male,Instagram,165.0,6.0,85.0,30.0,28.0,Happiness
152,27.0,Female,Twitter,75.0,3.0,33.0,18.0,19.0,Anger
153,27.0,Non-binary,Facebook,85.0,2.0,27.0,9.0,20.0,Neutral
154,27.0,Female,Instagram,145.0,4.0,65.0,23.0,35.0,Sadness
155,27.0,Male,LinkedIn,60.0,1.0,15.0,7.0,17.0,Anxiety
156,27.0,Female,Whatsapp,70.0,2.0,42.0,10.0,21.0,Anxiety
157,27.0,Male,Telegram,90.0,3.0,22.0,11.0,22.0,Boredom
158,27.0,Non-binary,Snapchat,50.0,2.0,18.0,7.0,18.0,Sadness
159,27.0,Female,Twitter,95.0,4.0,48.0,22.0,25.0,Happiness
160,27.0,Male,Facebook,60.0,1.0,12.0,5.0,15.0,Boredom
161,27.0,Female,Instagram,175.0,6.0,72.0,30.0,33.0,Happiness
162,27.0,Male,Whatsapp,70.0,3.0,22.0,10.0,18.0,Anger
163,27.0,Non-binary,Telegram,80.0,2.0,21.0,8.0,20.0,Neutral
164,27.0,Female,Snapchat,120.0,4.0,55.0,18.0,30.0,Anxiety
165,27.0,Male,Twitter,90.0,6.0,42.0,14.0,26.0,Sadness
166,27.0,Non-binary,Facebook,60.0,1.0,12.0,4.0,12.0,Boredom
167,27.0,Male,Instagram,165.0,5.0,78.0,23.0,35.0,Happiness
168,27.0,Female,Whatsapp,65.0,2.0,27.0,10.0,20.0,Neutral
169,27.0,Male,Telegram,105.0,3.0,48.0,20.0,28.0,Anxiety
170,27.0,Non-binary,Snapchat,75.0,2.0,21.0,8.0,20.0,Sadness
171,27.0,Female,Instagram,140.0,4.0,65.0,22.0,30.0,Happiness
172,27.0,Male,Twitter,70.0,1.0,13.0,8.0,10.0,Boredom
173,27.0,Non-binary,Facebook,55.0,3.0,17.0,7.0,12.0,Neutral
174,27.0,Female,Whatsapp,90.0,2.0,24.0,12.0,22.0,Anger
175,27.0,Male,Telegram,80.0,4.0,30.0,13.0,25.0,Neutral
176,27.0,Non-binary,Snapchat,115.0,3.0,38.0,18.0,27.0,Anxiety
177,27.0,Female,Instagram,155.0,6.0,75.0,25.0,38.0,Happiness
178,27.0,Male,Twitter,75.0,2.0,23.0,12.0,18.0,Sadness
179,27.0,Non-binary,Facebook,65.0,1.0,13.0,7.0,14.0,Anxiety
180,27.0,Female,Whatsapp,90.0,4.0,37.0,18.0,20.0,Neutral
181,27.0,Male,Telegram,50.0,2.0,20.0,10.0,12.0,Sadness
182,27.0,Non-binary,Snapchat,85.0,3.0,33.0,20.0,18.0,Happiness
183,27.0,Female,Instagram,120.0,5.0,60.0,25.0,25.0,Anger
184,27.0,Male,Twitter,70.0,1.0,22.0,7.0,22.0,Neutral
185,27.0,Non-binary,Facebook,75.0,2.0,20.0,8.0,20.0,Boredom
186,27.0,Female,Whatsapp,100.0,4.0,37.0,14.0,26.0,Anxiety
187,27.0,Male,Telegram,85.0,3.0,45.0,20.0,28.0,Sadness
188,27.0,Non-binary,Snapchat,60.0,1.0,18.0,7.0,12.0,Neutral
189,27.0,Female,Instagram,170.0,6.0,83.0,30.0,33.0,Happiness
190,27.0,Male,Twitter,70.0,2.0,30.0,12.0,20.0,Anxiety
191,27.0,Non-binary,Facebook,50.0,1.0,10.0,4.0,10.0,Boredom
192,27.0,Female,Whatsapp,105.0,4.0,55.0,25.0,25.0,Anger
193,27.0,Male,Telegram,75.0,3.0,37.0,16.0,22.0,Neutral
194,27.0,Female,Snapchat,95.0,2.0,23.0,10.0,28.0,Sadness
195,27.0,Male,Instagram,150.0,5.0,70.0,25.0,30.0,Anxiety
196,27.0,Non-binary,Twitter,85.0,4.0,35.0,18.0,18.0,Boredom
197,27.0,Female,Facebook,70.0,1.0,14.0,6.0,10.0,Neutral
198,27.0,Male,Whatsapp,110.0,3.0,50.0,25.0,25.0,Happiness
199,27.0,Non-binary,Telegram,60.0,2.0,18.0,8.0,18.0,Anger
200,27.0,Female,Snapchat,120.0,4.0,40.0,18.0,22.0,Neutral
201,27.0,Female,Instagram,120.0,5.0,50.0,20.0,25.0,Happiness
202,27.0,Male,Twitter,90.0,4.0,30.0,20.0,22.0,Anger
203,27.0,Non-binary,Facebook,60.0,2.0,20.0,10.0,15.0,Neutral
204,27.0,Female,Instagram,200.0,8.0,110.0,40.0,45.0,Anxiety
205,27.0,Male,LinkedIn,45.0,1.0,10.0,5.0,12.0,Boredom
206,27.0,Male,Instagram,150.0,5.0,65.0,25.0,30.0,Happiness
207,27.0,Female,Twitter,85.0,3.0,40.0,18.0,20.0,Anger
208,27.0,Non-binary,Facebook,110.0,6.0,35.0,16.0,25.0,Sadness
209,27.0,Female,LinkedIn,55.0,2.0,15.0,5.0,10.0,Neutral
210,27.0,Male,Instagram,170.0,7.0,90.0,35.0,40.0,Happiness
211,27.0,Female,Twitter,75.0,4.0,45.0,20.0,25.0,Anxiety
212,27.0,Non-binary,Facebook,95.0,3.0,30.0,14.0,18.0,Sadness
213,27.0,Male,LinkedIn,65.0,1.0,14.0,6.0,15.0,Boredom
214,27.0,Female,Instagram,180.0,8.0,100.0,38.0,45.0,Happiness
215,27.0,Male,Twitter,100.0,6.0,50.0,30.0,29.0,Anger
216,27.0,Non-binary,Facebook,40.0,1.0,10.0,4.0,12.0,Neutral
217,27.0,Female,Instagram,125.0,5.0,65.0,22.0,28.0,Anxiety
218,27.0,Male,Twitter,90.0,3.0,40.0,16.0,24.0,Sadness
219,27.0,Non-binary,LinkedIn,50.0,1.0,12.0,6.0,12.0,Neutral
220,27.0,Female,Instagram,140.0,6.0,75.0,28.0,30.0,Happiness
221,27.0,Male,Facebook,75.0,2.0,30.0,14.0,20.0,Anxiety
222,27.0,Female,Twitter,105.0,4.0,35.0,20.0,23.0,Anger
223,27.0,Male,LinkedIn,60.0,2.0,17.0,8.0,15.0,Boredom
224,27.0,Non-binary,Instagram,190.0,8.0,105.0,36.0,50.0,Happiness
225,27.0,Female,Twitter,70.0,3.0,25.0,16.0,15.0,Sadness
226,27.0,Male,Facebook,80.0,2.0,20.0,10.0,20.0,Neutral
227,27.0,Non-binary,LinkedIn,55.0,1.0,12.0,5.0,11.0,Anxiety
228,27.0,Female,Instagram,160.0,6.0,85.0,26.0,30.0,Happiness
229,27.0,Male,Twitter,90.0,4.0,43.0,19.0,24.0,Anger
230,27.0,Non-binary,Facebook,45.0,1.0,8.0,4.0,12.0,Sadness
231,27.0,Female,LinkedIn,65.0,2.0,17.0,5.0,14.0,Boredom
232,27.0,Male,Instagram,145.0,7.0,80.0,30.0,35.0,Happiness
233,27.0,Non-binary,Twitter,70.0,3.0,30.0,14.0,18.0,Neutral
234,27.0,Female,Instagram,130.0,6.0,95.0,22.0,28.0,Sadness
235,27.0,Male,Facebook,65.0,2.0,27.0,11.0,22.0,Anxiety
236,27.0,Non-binary,LinkedIn,55.0,1.0,11.0,6.0,11.0,Boredom
237,27.0,Female,Instagram,170.0,7.0,95.0,30.0,38.0,Happiness
238,27.0,Male,Twitter,85.0,4.0,45.0,18.0,24.0,Anger
239,27.0,Female,Instagram,115.0,3.0,60.0,17.0,30.0,Neutral
240,27.0,Non-binary,Facebook,100.0,2.0,22.0,12.0,25.0,Anxiety
241,27.0,Male,LinkedIn,45.0,1.0,9.0,4.0,10.0,Sadness
242,27.0,Female,Instagram,150.0,6.0,90.0,26.0,30.0,Happiness
243,27.0,Male,Twitter,95.0,4.0,50.0,22.0,22.0,Anger
244,27.0,Non-binary,Facebook,105.0,2.0,25.0,12.0,18.0,Neutral
245,27.0,Female,LinkedIn,60.0,1.0,15.0,7.0,14.0,Boredom
246,27.0,Male,Instagram,175.0,7.0,100.0,33.0,38.0,Happiness
247,27.0,Female,Twitter,90.0,3.0,37.0,14.0,20.0,Sadness
248,27.0,Non-binary,Facebook,75.0,2.0,30.0,12.0,18.0,Anxiety
249,27.0,Male,Instagram,130.0,5.0,80.0,28.0,31.0,Neutral
250,27.0,Female,LinkedIn,55.0,1.0,12.0,6.0,10.0,Boredom
251,27.0,27,Instagram,165.0,6.0,85.0,30.0,28.0,Happiness
252,27.0,24,Twitter,75.0,3.0,33.0,18.0,19.0,Anger
253,27.0,29,Facebook,85.0,2.0,27.0,9.0,20.0,Neutral
254,27.0,33,Instagram,145.0,4.0,65.0,23.0,35.0,Sadness
255,27.0,31,LinkedIn,60.0,1.0,15.0,7.0,17.0,Anxiety
256,27.0,22,Whatsapp,70.0,2.0,42.0,10.0,21.0,Anxiety
257,27.0,25,Telegram,90.0,3.0,22.0,11.0,22.0,Boredom
258,27.0,29,Snapchat,50.0,2.0,18.0,7.0,18.0,Sadness
259,27.0,28,Twitter,95.0,4.0,48.0,22.0,25.0,Happiness
260,27.0,27,Facebook,60.0,1.0,12.0,5.0,15.0,Boredom
261,27.0,30,Instagram,175.0,6.0,72.0,30.0,33.0,Happiness
262,27.0,23,Whatsapp,70.0,3.0,22.0,10.0,18.0,Anger
263,27.0,34,Telegram,80.0,2.0,21.0,8.0,20.0,Neutral
264,27.0,26,Snapchat,120.0,4.0,55.0,18.0,30.0,Anxiety
265,27.0,25,Twitter,90.0,6.0,42.0,14.0,26.0,Sadness
266,27.0,29,Facebook,60.0,1.0,12.0,4.0,12.0,Boredom
267,27.0,28,Instagram,165.0,5.0,78.0,23.0,35.0,Happiness
268,27.0,31,Whatsapp,65.0,2.0,27.0,10.0,20.0,Neutral
269,27.0,27,Telegram,105.0,3.0,48.0,20.0,28.0,Anxiety
270,27.0,22,Snapchat,75.0,2.0,21.0,8.0,20.0,Sadness
271,27.0,24,Instagram,140.0,4.0,65.0,22.0,30.0,Happiness
272,27.0,35,Twitter,70.0,1.0,13.0,8.0,10.0,Boredom
273,27.0,21,Facebook,55.0,3.0,17.0,7.0,12.0,Neutral
274,27.0,29,Whatsapp,90.0,2.0,24.0,12.0,22.0,Anger
275,27.0,25,Telegram,80.0,4.0,30.0,13.0,25.0,Neutral
276,27.0,28,Snapchat,115.0,3.0,38.0,18.0,27.0,Anxiety
277,27.0,32,Instagram,155.0,6.0,75.0,25.0,38.0,Happiness
278,27.0,26,Twitter,75.0,2.0,23.0,12.0,18.0,Sadness
279,27.0,33,Facebook,65.0,1.0,13.0,7.0,14.0,Anxiety
280,27.0,27,Whatsapp,90.0,4.0,37.0,18.0,20.0,Neutral
281,27.0,31,Telegram,50.0,2.0,20.0,10.0,12.0,Sadness
282,27.0,24,Snapchat,85.0,3.0,33.0,20.0,18.0,Happiness
283,27.0,34,Instagram,120.0,5.0,60.0,25.0,25.0,Anger
284,27.0,22,Twitter,70.0,1.0,22.0,7.0,22.0,Neutral
285,27.0,29,Facebook,75.0,2.0,20.0,8.0,20.0,Boredom
286,27.0,28,Whatsapp,100.0,4.0,37.0,14.0,26.0,Anxiety
287,27.0,31,Telegram,85.0,3.0,45.0,20.0,28.0,Sadness
288,27.0,21,Snapchat,60.0,1.0,18.0,7.0,12.0,Neutral
289,27.0,Female,Instagram,170.0,6.0,83.0,30.0,33.0,Happiness
290,27.0,Male,Twitter,70.0,2.0,30.0,12.0,20.0,Anxiety
291,27.0,Non-binary,Facebook,50.0,1.0,10.0,4.0,10.0,Boredom
292,27.0,Female,Whatsapp,105.0,4.0,55.0,25.0,25.0,Anger
293,27.0,Male,Telegram,75.0,3.0,37.0,16.0,22.0,Neutral
294,27.0,Female,Snapchat,95.0,2.0,23.0,10.0,28.0,Sadness
295,27.0,Male,Instagram,150.0,5.0,70.0,25.0,30.0,Anxiety
296,27.0,Non-binary,Twitter,85.0,4.0,35.0,18.0,18.0,Boredom
297,27.0,Female,Facebook,70.0,1.0,14.0,6.0,10.0,Neutral
298,27.0,Male,Whatsapp,110.0,3.0,50.0,25.0,25.0,Happiness
299,27.0,Non-binary,Telegram,60.0,2.0,18.0,8.0,18.0,Anger
300,27.0,Female,Snapchat,120.0,4.0,40.0,18.0,22.0,Neutral
301,27.0,Female,Instagram,120.0,5.0,50.0,20.0,25.0,Happiness
302,27.0,Male,Twitter,90.0,4.0,30.0,20.0,22.0,Anger
303,27.0,Non-binary,Facebook,60.0,2.0,20.0,10.0,15.0,Neutral
304,27.0,Female,Instagram,200.0,8.0,110.0,40.0,45.0,Anxiety
305,27.0,Male,LinkedIn,45.0,1.0,10.0,5.0,12.0,Boredom
306,27.0,Male,Instagram,150.0,5.0,65.0,25.0,30.0,Happiness
307,27.0,Female,Twitter,85.0,3.0,40.0,18.0,20.0,Anger
308,27.0,Non-binary,Facebook,110.0,6.0,35.0,16.0,25.0,Sadness
309,27.0,Female,LinkedIn,55.0,2.0,15.0,5.0,10.0,Neutral
310,27.0,Male,Instagram,170.0,7.0,90.0,35.0,40.0,Happiness
311,27.0,Female,Twitter,75.0,4.0,45.0,20.0,25.0,Anxiety
312,27.0,Non-binary,Facebook,95.0,3.0,30.0,14.0,18.0,Sadness
313,27.0,Male,LinkedIn,65.0,1.0,14.0,6.0,15.0,Boredom
314,27.0,Female,Instagram,180.0,8.0,100.0,38.0,45.0,Happiness
315,27.0,Male,Twitter,100.0,6.0,50.0,30.0,29.0,Anger
316,27.0,Non-binary,Facebook,40.0,1.0,10.0,4.0,12.0,Neutral
317,27.0,Female,Instagram,125.0,5.0,65.0,22.0,28.0,Anxiety
318,27.0,Male,Twitter,90.0,3.0,40.0,16.0,24.0,Sadness
319,27.0,Non-binary,LinkedIn,50.0,1.0,12.0,6.0,12.0,Neutral
320,27.0,Female,Instagram,140.0,6.0,75.0,28.0,30.0,Happiness
321,27.0,Male,Facebook,75.0,2.0,30.0,14.0,20.0,Anxiety
322,27.0,Female,Twitter,105.0,4.0,35.0,20.0,23.0,Anger
323,27.0,Male,LinkedIn,60.0,2.0,17.0,8.0,15.0,Boredom
324,27.0,Non-binary,Instagram,190.0,8.0,105.0,36.0,50.0,Happiness
325,27.0,Female,Twitter,70.0,3.0,25.0,16.0,15.0,Sadness
326,27.0,Male,Facebook,80.0,2.0,20.0,10.0,20.0,Neutral
327,27.0,Non-binary,LinkedIn,55.0,1.0,12.0,5.0,11.0,Anxiety
328,27.0,Female,Instagram,160.0,6.0,85.0,26.0,30.0,Happiness
329,27.0,Male,Twitter,90.0,4.0,43.0,19.0,24.0,Anger
330,27.0,Non-binary,Facebook,45.0,1.0,8.0,4.0,12.0,Sadness
331,27.0,Female,LinkedIn,65.0,2.0,17.0,5.0,14.0,Boredom
332,27.0,Male,Instagram,145.0,7.0,80.0,30.0,35.0,Happiness
333,27.0,Non-binary,Twitter,70.0,3.0,30.0,14.0,18.0,Neutral
334,27.0,Female,Instagram,130.0,6.0,95.0,22.0,28.0,Sadness
335,27.0,Male,Facebook,65.0,2.0,27.0,11.0,22.0,Anxiety
336,27.0,Non-binary,LinkedIn,55.0,1.0,11.0,6.0,11.0,Boredom
337,27.0,Female,Instagram,170.0,7.0,95.0,30.0,38.0,Happiness
338,27.0,Male,Twitter,85.0,4.0,45.0,18.0,24.0,Anger
339,27.0,Female,Instagram,115.0,3.0,60.0,17.0,30.0,Neutral
340,27.0,Non-binary,Facebook,100.0,2.0,22.0,12.0,25.0,Anxiety
341,27.0,Male,LinkedIn,45.0,1.0,9.0,4.0,10.0,Sadness
342,27.0,Female,Instagram,150.0,6.0,90.0,26.0,30.0,Happiness
343,27.0,Male,Twitter,95.0,4.0,50.0,22.0,22.0,Anger
344,27.0,Non-binary,Facebook,105.0,2.0,25.0,12.0,18.0,Neutral
345,27.0,Female,LinkedIn,60.0,1.0,15.0,7.0,14.0,Boredom
346,27.0,Male,Instagram,175.0,7.0,100.0,33.0,38.0,Happiness
347,27.0,Female,Twitter,90.0,3.0,37.0,14.0,20.0,Sadness
348,27.0,Non-binary,Facebook,75.0,2.0,30.0,12.0,18.0,Anxiety
349,27.0,Male,Instagram,130.0,5.0,80.0,28.0,31.0,Neutral
350,27.0,Female,LinkedIn,55.0,1.0,12.0,6.0,10.0,Boredom
351,27.0,Male,Instagram,165.0,6.0,85.0,30.0,28.0,Happiness
352,27.0,Female,Twitter,75.0,3.0,33.0,18.0,19.0,Anger
353,27.0,Non-binary,Facebook,85.0,2.0,27.0,9.0,20.0,Neutral
354,27.0,Female,Instagram,145.0,4.0,65.0,23.0,35.0,Sadness
355,27.0,Male,LinkedIn,60.0,1.0,15.0,7.0,17.0,Anxiety
356,27.0,Female,Whatsapp,70.0,2.0,42.0,10.0,21.0,Anxiety
357,27.0,Male,Telegram,90.0,3.0,22.0,11.0,22.0,Boredom
358,27.0,Non-binary,Snapchat,50.0,2.0,18.0,7.0,18.0,Sadness
359,27.0,Female,Twitter,95.0,4.0,48.0,22.0,25.0,Happiness
360,27.0,Male,Facebook,60.0,1.0,12.0,5.0,15.0,Boredom
361,27.0,Female,Instagram,175.0,6.0,72.0,30.0,33.0,Happiness
362,27.0,Male,Whatsapp,70.0,3.0,22.0,10.0,18.0,Anger
363,27.0,Non-binary,Telegram,80.0,2.0,21.0,8.0,20.0,Neutral
364,27.0,Female,Snapchat,120.0,4.0,55.0,18.0,30.0,Anxiety
365,27.0,Male,Twitter,90.0,6.0,42.0,14.0,26.0,Sadness
366,27.0,Non-binary,Facebook,60.0,1.0,12.0,4.0,12.0,Boredom
367,27.0,Male,Instagram,165.0,5.0,78.0,23.0,35.0,Happiness
368,27.0,Female,Whatsapp,65.0,2.0,27.0,10.0,20.0,Neutral
369,27.0,Male,Telegram,105.0,3.0,48.0,20.0,28.0,Anxiety
370,27.0,Non-binary,Snapchat,75.0,2.0,21.0,8.0,20.0,Sadness
371,27.0,Female,Instagram,140.0,4.0,65.0,22.0,30.0,Happiness
372,27.0,Male,Twitter,70.0,1.0,13.0,8.0,10.0,Boredom
373,27.0,Non-binary,Facebook,55.0,3.0,17.0,7.0,12.0,Neutral
374,27.0,Female,Whatsapp,90.0,2.0,24.0,12.0,22.0,Anger
375,27.0,Male,Telegram,80.0,4.0,30.0,13.0,25.0,Neutral
376,27.0,Non-binary,Snapchat,115.0,3.0,38.0,18.0,27.0,Anxiety
377,27.0,Female,Instagram,155.0,6.0,75.0,25.0,38.0,Happiness
378,27.0,Male,Twitter,75.0,2.0,23.0,12.0,18.0,Sadness
379,27.0,Non-binary,Facebook,65.0,1.0,13.0,7.0,14.0,Anxiety
380,27.0,Female,Whatsapp,90.0,4.0,37.0,18.0,20.0,Neutral
381,27.0,Male,Telegram,50.0,2.0,20.0,10.0,12.0,Sadness
382,27.0,Non-binary,Snapchat,85.0,3.0,33.0,20.0,18.0,Happiness
383,27.0,Female,Instagram,120.0,5.0,60.0,25.0,25.0,Anger
384,27.0,Male,Twitter,70.0,1.0,22.0,7.0,22.0,Neutral
385,27.0,Non-binary,Facebook,75.0,2.0,20.0,8.0,20.0,Boredom
386,27.0,Female,Whatsapp,100.0,4.0,37.0,14.0,26.0,Anxiety
387,27.0,Male,Telegram,85.0,3.0,45.0,20.0,28.0,Sadness
388,27.0,Non-binary,Snapchat,60.0,1.0,18.0,7.0,12.0,Neutral
389,27.0,Female,Instagram,170.0,6.0,83.0,30.0,33.0,Happiness
390,27.0,Male,Twitter,70.0,2.0,30.0,12.0,20.0,Anxiety
391,27.0,Non-binary,Facebook,50.0,1.0,10.0,4.0,10.0,Boredom
392,27.0,Female,Whatsapp,105.0,4.0,55.0,25.0,25.0,Anger
393,27.0,Male,Telegram,75.0,3.0,37.0,16.0,22.0,Neutral
394,27.0,Female,Snapchat,95.0,2.0,23.0,10.0,28.0,Sadness
395,27.0,Male,Instagram,150.0,5.0,70.0,25.0,30.0,Anxiety
396,27.0,Non-binary,Twitter,85.0,4.0,35.0,18.0,18.0,Boredom
397,27.0,Female,Facebook,70.0,1.0,14.0,6.0,10.0,Neutral
398,27.0,Male,Whatsapp,110.0,3.0,50.0,25.0,25.0,Happiness
399,27.0,Non-binary,Telegram,60.0,2.0,18.0,8.0,18.0,Anger
400,27.0,Female,Snapchat,120.0,4.0,40.0,18.0,22.0,Neutral
401,27.0,Female,Instagram,120.0,5.0,50.0,20.0,25.0,Happiness
402,27.0,Male,Twitter,90.0,4.0,30.0,20.0,22.0,Anger
403,27.0,Non-binary,Facebook,60.0,2.0,20.0,10.0,15.0,Neutral
404,27.0,Female,Instagram,200.0,8.0,110.0,40.0,45.0,Anxiety
405,27.0,Male,LinkedIn,45.0,1.0,10.0,5.0,12.0,Boredom
406,27.0,Male,Instagram,150.0,5.0,65.0,25.0,30.0,Happiness
407,27.0,Female,Twitter,85.0,3.0,40.0,18.0,20.0,Anger
408,27.0,Non-binary,Facebook,110.0,6.0,35.0,16.0,25.0,Sadness
409,27.0,Female,LinkedIn,55.0,2.0,15.0,5.0,10.0,Neutral
410,27.0,Male,Instagram,170.0,7.0,90.0,35.0,40.0,Happiness
411,27.0,Female,Twitter,75.0,4.0,45.0,20.0,25.0,Anxiety
412,27.0,Non-binary,Facebook,95.0,3.0,30.0,14.0,18.0,Sadness
413,27.0,Male,LinkedIn,65.0,1.0,14.0,6.0,15.0,Boredom
414,27.0,Female,Instagram,180.0,8.0,100.0,38.0,45.0,Happiness
415,27.0,Male,Twitter,100.0,6.0,50.0,30.0,29.0,Anger
416,27.0,Non-binary,Facebook,40.0,1.0,10.0,4.0,12.0,Neutral
417,27.0,Female,Instagram,125.0,5.0,65.0,22.0,28.0,Anxiety
418,27.0,Male,Twitter,90.0,3.0,40.0,16.0,24.0,Sadness
419,27.0,Non-binary,LinkedIn,50.0,1.0,12.0,6.0,12.0,Neutral
420,27.0,Female,Instagram,140.0,6.0,75.0,28.0,30.0,Happiness
421,27.0,Male,Facebook,75.0,2.0,30.0,14.0,20.0,Anxiety
422,27.0,Female,Twitter,105.0,4.0,35.0,20.0,23.0,Anger
423,27.0,Male,LinkedIn,60.0,2.0,17.0,8.0,15.0,Boredom
424,27.0,Non-binary,Instagram,190.0,8.0,105.0,36.0,50.0,Happiness
425,27.0,Female,Twitter,70.0,3.0,25.0,16.0,15.0,Sadness
426,27.0,Male,Facebook,80.0,2.0,20.0,10.0,20.0,Neutral
427,27.0,Non-binary,LinkedIn,55.0,1.0,12.0,5.0,11.0,Anxiety
428,27.0,Female,Instagram,160.0,6.0,85.0,26.0,30.0,Happiness
429,27.0,Male,Twitter,90.0,4.0,43.0,19.0,24.0,Anger
430,27.0,Non-binary,Facebook,45.0,1.0,8.0,4.0,12.0,Sadness
431,27.0,Female,LinkedIn,65.0,2.0,17.0,5.0,14.0,Boredom
432,27.0,Male,Instagram,145.0,7.0,80.0,30.0,35.0,Happiness
433,27.0,Non-binary,Twitter,70.0,3.0,30.0,14.0,18.0,Neutral
434,27.0,Female,Instagram,130.0,6.0,95.0,22.0,28.0,Sadness
435,27.0,Male,Facebook,65.0,2.0,27.0,11.0,22.0,Anxiety
436,27.0,Non-binary,LinkedIn,55.0,1.0,11.0,6.0,11.0,Boredom
437,27.0,Female,Instagram,170.0,7.0,95.0,30.0,38.0,Happiness
438,27.0,Male,Twitter,85.0,4.0,45.0,18.0,24.0,Anger
439,27.0,Female,Instagram,115.0,3.0,60.0,17.0,30.0,Neutral
440,27.0,Non-binary,Facebook,100.0,2.0,22.0,12.0,25.0,Anxiety
441,27.0,Male,LinkedIn,45.0,1.0,9.0,4.0,10.0,Sadness
442,27.0,Female,Instagram,150.0,6.0,90.0,26.0,30.0,Happiness
443,27.0,Male,Twitter,95.0,4.0,50.0,22.0,22.0,Anger
444,27.0,Non-binary,Facebook,105.0,2.0,25.0,12.0,18.0,Neutral
445,27.0,Female,LinkedIn,60.0,1.0,15.0,7.0,14.0,Boredom
446,27.0,Male,Instagram,175.0,7.0,100.0,33.0,38.0,Happiness
447,27.0,Female,Twitter,90.0,3.0,37.0,14.0,20.0,Sadness
448,27.0,Non-binary,Facebook,75.0,2.0,30.0,12.0,18.0,Anxiety
449,27.0,Male,Instagram,130.0,5.0,80.0,28.0,31.0,Neutral
450,27.0,Female,LinkedIn,55.0,1.0,12.0,6.0,10.0,Boredom
451,27.0,Male,Instagram,165.0,6.0,85.0,30.0,28.0,Happiness
452,27.0,Female,Twitter,75.0,3.0,33.0,18.0,19.0,Anger
453,27.0,Non-binary,Facebook,85.0,2.0,27.0,9.0,20.0,Neutral
454,27.0,Female,Instagram,145.0,4.0,65.0,23.0,35.0,Sadness
455,27.0,Male,LinkedIn,60.0,1.0,15.0,7.0,17.0,Anxiety
456,27.0,Female,Whatsapp,70.0,2.0,42.0,10.0,21.0,Anxiety
457,27.0,Male,Telegram,90.0,3.0,22.0,11.0,22.0,Boredom
458,27.0,Non-binary,Snapchat,50.0,2.0,18.0,7.0,18.0,Sadness
459,27.0,Female,Twitter,95.0,4.0,48.0,22.0,25.0,Happiness
460,27.0,Male,Facebook,60.0,1.0,12.0,5.0,15.0,Boredom
461,27.0,Female,Instagram,175.0,6.0,72.0,30.0,33.0,Happiness
462,27.0,Male,Whatsapp,70.0,3.0,22.0,10.0,18.0,Anger
463,27.0,Non-binary,Telegram,80.0,2.0,21.0,8.0,20.0,Neutral
464,27.0,Female,Snapchat,120.0,4.0,55.0,18.0,30.0,Anxiety
465,27.0,Male,Twitter,90.0,6.0,42.0,14.0,26.0,Sadness
466,27.0,Non-binary,Facebook,60.0,1.0,12.0,4.0,12.0,Boredom
467,27.0,Male,Instagram,165.0,5.0,78.0,23.0,35.0,Happiness
468,27.0,Female,Whatsapp,65.0,2.0,27.0,10.0,20.0,Neutral
469,27.0,Male,Telegram,105.0,3.0,48.0,20.0,28.0,Anxiety
470,27.0,Non-binary,Snapchat,75.0,2.0,21.0,8.0,20.0,Sadness
471,27.0,Female,Instagram,140.0,4.0,65.0,22.0,30.0,Happiness
472,27.0,Male,Twitter,70.0,1.0,13.0,8.0,10.0,Boredom
473,27.0,Non-binary,Facebook,55.0,3.0,17.0,7.0,12.0,Neutral
474,27.0,Female,Whatsapp,90.0,2.0,24.0,12.0,22.0,Anger
475,27.0,Male,Telegram,80.0,4.0,30.0,13.0,25.0,Neutral
476,27.0,Non-binary,Snapchat,115.0,3.0,38.0,18.0,27.0,Anxiety
477,27.0,Female,Instagram,155.0,6.0,75.0,25.0,38.0,Happiness
478,27.0,Male,Twitter,75.0,2.0,23.0,12.0,18.0,Sadness
479,27.0,Non-binary,Facebook,65.0,1.0,13.0,7.0,14.0,Anxiety
480,27.0,Female,Whatsapp,90.0,4.0,37.0,18.0,20.0,Neutral
481,27.0,Male,Telegram,50.0,2.0,20.0,10.0,12.0,Sadness
482,27.0,Non-binary,Snapchat,85.0,3.0,33.0,20.0,18.0,Happiness
483,27.0,Female,Instagram,120.0,5.0,60.0,25.0,25.0,Anger
484,27.0,Male,Twitter,70.0,1.0,22.0,7.0,22.0,Neutral
485,27.0,Non-binary,Facebook,75.0,2.0,20.0,8.0,20.0,Boredom
486,27.0,Female,Whatsapp,100.0,4.0,37.0,14.0,26.0,Anxiety
487,27.0,Male,Telegram,85.0,3.0,45.0,20.0,28.0,Sadness
488,27.0,Non-binary,Snapchat,60.0,1.0,18.0,7.0,12.0,Neutral
489,27.0,Female,Instagram,170.0,6.0,83.0,30.0,33.0,Happiness
490,27.0,Male,Twitter,70.0,2.0,30.0,12.0,20.0,Anxiety
491,27.0,Non-binary,Facebook,50.0,1.0,10.0,4.0,10.0,Boredom
492,27.0,Female,Whatsapp,105.0,4.0,55.0,25.0,25.0,Anger
493,27.0,Male,Telegram,75.0,3.0,37.0,16.0,22.0,Neutral
494,27.0,Female,Snapchat,95.0,2.0,23.0,10.0,28.0,Sadness
495,27.0,Male,Instagram,150.0,5.0,70.0,25.0,30.0,Anxiety
496,27.0,Non-binary,Twitter,85.0,4.0,35.0,18.0,18.0,Boredom
497,27.0,Female,Facebook,70.0,1.0,14.0,6.0,10.0,Neutral
498,27.0,Male,Whatsapp,110.0,3.0,50.0,25.0,25.0,Happiness
499,27.0,Non-binary,Telegram,60.0,2.0,18.0,8.0,18.0,Anger
500,27.0,Female,Snapchat,120.0,4.0,40.0,18.0,22.0,Neutral
501,27.0,Female,Instagram,120.0,5.0,50.0,20.0,25.0,Happiness
502,27.0,Male,Twitter,90.0,4.0,30.0,20.0,22.0,Anger
503,27.0,Non-binary,Facebook,60.0,2.0,20.0,10.0,15.0,Neutral
504,27.0,Female,Instagram,200.0,8.0,110.0,40.0,45.0,Anxiety
505,27.0,Male,LinkedIn,45.0,1.0,10.0,5.0,12.0,Boredom
506,27.0,Male,Instagram,150.0,5.0,65.0,25.0,30.0,Happiness
507,27.0,Female,Twitter,85.0,3.0,40.0,18.0,20.0,Anger
508,27.0,Non-binary,Facebook,110.0,6.0,35.0,16.0,25.0,Sadness
509,27.0,Female,LinkedIn,55.0,2.0,15.0,5.0,10.0,Neutral
510,27.0,Male,Instagram,170.0,7.0,90.0,35.0,40.0,Happiness
511,27.0,Female,Twitter,75.0,4.0,45.0,20.0,25.0,Anxiety
512,27.0,Non-binary,Facebook,95.0,3.0,30.0,14.0,18.0,Sadness
513,27.0,Male,LinkedIn,65.0,1.0,14.0,6.0,15.0,Boredom
514,27.0,Female,Instagram,180.0,8.0,100.0,38.0,45.0,Happiness
515,27.0,Male,Twitter,100.0,6.0,50.0,30.0,29.0,Anger
516,27.0,Non-binary,Facebook,40.0,1.0,10.0,4.0,12.0,Neutral
517,27.0,Female,Instagram,125.0,5.0,65.0,22.0,28.0,Anxiety
518,27.0,Male,Twitter,90.0,3.0,40.0,16.0,24.0,Sadness
519,27.0,Non-binary,LinkedIn,50.0,1.0,12.0,6.0,12.0,Neutral
520,27.0,Female,Instagram,140.0,6.0,75.0,28.0,30.0,Happiness
521,27.0,Male,Facebook,75.0,2.0,30.0,14.0,20.0,Anxiety
522,27.0,Female,Twitter,105.0,4.0,35.0,20.0,23.0,Anger
523,27.0,Male,LinkedIn,60.0,2.0,17.0,8.0,15.0,Boredom
524,27.0,Non-binary,Instagram,190.0,8.0,105.0,36.0,50.0,Happiness
525,27.0,Female,Twitter,70.0,3.0,25.0,16.0,15.0,Sadness
526,27.0,Male,Facebook,80.0,2.0,20.0,10.0,20.0,Neutral
527,27.0,Non-binary,LinkedIn,55.0,1.0,12.0,5.0,11.0,Anxiety
528,27.0,Female,Instagram,160.0,6.0,85.0,26.0,30.0,Happiness
529,27.0,Male,Twitter,90.0,4.0,43.0,19.0,24.0,Anger
530,27.0,Non-binary,Facebook,45.0,1.0,8.0,4.0,12.0,Sadness
531,27.0,Female,LinkedIn,65.0,2.0,17.0,5.0,14.0,Boredom
532,27.0,Male,Instagram,145.0,7.0,80.0,30.0,35.0,Happiness
533,27.0,Non-binary,Twitter,70.0,3.0,30.0,14.0,18.0,Neutral
534,27.0,Female,Instagram,130.0,6.0,95.0,22.0,28.0,Sadness
535,27.0,Male,Facebook,65.0,2.0,27.0,11.0,22.0,Anxiety
536,27.0,Non-binary,LinkedIn,55.0,1.0,11.0,6.0,11.0,Boredom
537,27.0,Female,Instagram,170.0,7.0,95.0,30.0,38.0,Happiness
538,27.0,Male,Twitter,85.0,4.0,45.0,18.0,24.0,Anger
539,27.0,Female,Instagram,115.0,3.0,60.0,17.0,30.0,Neutral
540,27.0,Non-binary,Facebook,100.0,2.0,22.0,12.0,25.0,Anxiety
541,27.0,Male,LinkedIn,45.0,1.0,9.0,4.0,10.0,Sadness
542,27.0,Female,Instagram,150.0,6.0,90.0,26.0,30.0,Happiness
543,27.0,Male,Twitter,95.0,4.0,50.0,22.0,22.0,Anger
544,27.0,Non-binary,Facebook,105.0,2.0,25.0,12.0,18.0,Neutral
545,27.0,Female,LinkedIn,60.0,1.0,15.0,7.0,14.0,Boredom
546,27.0,Male,Instagram,175.0,7.0,100.0,33.0,38.0,Happiness
547,27.0,Female,Twitter,90.0,3.0,37.0,14.0,20.0,Sadness
548,27.0,Non-binary,Facebook,75.0,2.0,30.0,12.0,18.0,Anxiety
549,27.0,Male,Instagram,130.0,5.0,80.0,28.0,31.0,Neutral
550,27.0,Female,LinkedIn,55.0,1.0,12.0,6.0,10.0,Boredom
551,27.0,Male,Instagram,165.0,6.0,85.0,30.0,28.0,Happiness
552,27.0,Female,Twitter,75.0,3.0,33.0,18.0,19.0,Anger
553,27.0,Non-binary,Facebook,85.0,2.0,27.0,9.0,20.0,Neutral
554,27.0,Female,Instagram,145.0,4.0,65.0,23.0,35.0,Sadness
555,27.0,Male,LinkedIn,60.0,1.0,15.0,7.0,17.0,Anxiety
556,27.0,Female,Whatsapp,70.0,2.0,42.0,10.0,21.0,Anxiety
557,27.0,Male,Telegram,90.0,3.0,22.0,11.0,22.0,Boredom
558,27.0,Non-binary,Snapchat,50.0,2.0,18.0,7.0,18.0,Sadness
559,27.0,Female,Twitter,95.0,4.0,48.0,22.0,25.0,Happiness
560,27.0,Male,Facebook,60.0,1.0,12.0,5.0,15.0,Boredom
561,27.0,Female,Instagram,175.0,6.0,72.0,30.0,33.0,Happiness
562,27.0,Male,Whatsapp,70.0,3.0,22.0,10.0,18.0,Anger
563,27.0,Non-binary,Telegram,80.0,2.0,21.0,8.0,20.0,Neutral
564,27.0,Female,Snapchat,120.0,4.0,55.0,18.0,30.0,Anxiety
565,27.0,Male,Twitter,90.0,6.0,42.0,14.0,26.0,Sadness
566,27.0,Non-binary,Facebook,60.0,1.0,12.0,4.0,12.0,Boredom
567,27.0,Male,Instagram,165.0,5.0,78.0,23.0,35.0,Happiness
568,27.0,Female,Whatsapp,65.0,2.0,27.0,10.0,20.0,Neutral
569,27.0,Male,Telegram,105.0,3.0,48.0,20.0,28.0,Anxiety
570,27.0,Non-binary,Snapchat,75.0,2.0,21.0,8.0,20.0,Sadness
571,27.0,Female,Instagram,140.0,4.0,65.0,22.0,30.0,Happiness
572,27.0,Male,Twitter,70.0,1.0,13.0,8.0,10.0,Boredom
573,27.0,Non-binary,Facebook,55.0,3.0,17.0,7.0,12.0,Neutral
574,27.0,Female,Whatsapp,90.0,2.0,24.0,12.0,22.0,Anger
575,27.0,Male,Telegram,80.0,4.0,30.0,13.0,25.0,Neutral
576,27.0,Non-binary,Snapchat,115.0,3.0,38.0,18.0,27.0,Anxiety
577,27.0,Female,Instagram,155.0,6.0,75.0,25.0,38.0,Happiness
578,27.0,Male,Twitter,75.0,2.0,23.0,12.0,18.0,Sadness
579,27.0,Non-binary,Facebook,65.0,1.0,13.0,7.0,14.0,Anxiety
580,27.0,Female,Whatsapp,90.0,4.0,37.0,18.0,20.0,Neutral
581,27.0,Male,Telegram,50.0,2.0,20.0,10.0,12.0,Sadness
582,27.0,Non-binary,Snapchat,85.0,3.0,33.0,20.0,18.0,Happiness
583,27.0,Female,Instagram,120.0,5.0,60.0,25.0,25.0,Anger
584,27.0,Male,Twitter,70.0,1.0,22.0,7.0,22.0,Neutral
585,27.0,Non-binary,Facebook,75.0,2.0,20.0,8.0,20.0,Boredom
586,27.0,Female,Whatsapp,100.0,4.0,37.0,14.0,26.0,Anxiety
587,27.0,Male,Telegram,85.0,3.0,45.0,20.0,28.0,Sadness
588,27.0,Non-binary,Snapchat,60.0,1.0,18.0,7.0,12.0,Neutral
589,27.0,Female,Instagram,170.0,6.0,83.0,30.0,33.0,Happiness
590,27.0,Male,Twitter,70.0,2.0,30.0,12.0,20.0,Anxiety
591,27.0,Non-binary,Facebook,50.0,1.0,10.0,4.0,10.0,Boredom
592,27.0,Female,Whatsapp,105.0,4.0,55.0,25.0,25.0,Anger
593,27.0,Male,Telegram,75.0,3.0,37.0,16.0,22.0,Neutral
594,27.0,Female,Snapchat,95.0,2.0,23.0,10.0,28.0,Sadness
595,27.0,Male,Instagram,150.0,5.0,70.0,25.0,30.0,Anxiety
596,27.0,Non-binary,Twitter,85.0,4.0,35.0,18.0,18.0,Boredom
597,27.0,Female,Facebook,70.0,1.0,14.0,6.0,10.0,Neutral
598,27.0,Male,Whatsapp,110.0,3.0,50.0,25.0,25.0,Happiness
599,27.0,Non-binary,Telegram,60.0,2.0,18.0,8.0,18.0,Anger
600,27.0,Female,Snapchat,120.0,4.0,40.0,18.0,22.0,Neutral
601,27.0,Female,Instagram,120.0,5.0,50.0,20.0,25.0,Happiness
602,27.0,Male,Twitter,90.0,4.0,30.0,20.0,22.0,Anger
603,27.0,Non-binary,Facebook,60.0,2.0,20.0,10.0,15.0,Neutral
604,27.0,Female,Instagram,200.0,8.0,110.0,40.0,45.0,Anxiety
605,27.0,Male,LinkedIn,45.0,1.0,10.0,5.0,12.0,Boredom
606,27.0,Male,Instagram,150.0,5.0,65.0,25.0,30.0,Happiness
607,27.0,Female,Twitter,85.0,3.0,40.0,18.0,20.0,Anger
608,27.0,Non-binary,Facebook,110.0,6.0,35.0,16.0,25.0,Sadness
609,27.0,Female,LinkedIn,55.0,2.0,15.0,5.0,10.0,Neutral
610,27.0,Male,Instagram,170.0,7.0,90.0,35.0,40.0,Happiness
611,27.0,Female,Twitter,75.0,4.0,45.0,20.0,25.0,Anxiety
612,27.0,Non-binary,Facebook,95.0,3.0,30.0,14.0,18.0,Sadness
613,27.0,Male,LinkedIn,65.0,1.0,14.0,6.0,15.0,Boredom
614,27.0,Female,Instagram,180.0,8.0,100.0,38.0,45.0,Happiness
615,27.0,Male,Twitter,100.0,6.0,50.0,30.0,29.0,Anger
616,27.0,Non-binary,Facebook,40.0,1.0,10.0,4.0,12.0,Neutral
617,27.0,Female,Instagram,125.0,5.0,65.0,22.0,28.0,Anxiety
618,27.0,Male,Twitter,90.0,3.0,40.0,16.0,24.0,Sadness
619,27.0,Non-binary,LinkedIn,50.0,1.0,12.0,6.0,12.0,Neutral
620,27.0,Female,Instagram,140.0,6.0,75.0,28.0,30.0,Happiness
621,27.0,Male,Facebook,75.0,2.0,30.0,14.0,20.0,Anxiety
622,27.0,Female,Twitter,105.0,4.0,35.0,20.0,23.0,Anger
623,27.0,Male,LinkedIn,60.0,2.0,17.0,8.0,15.0,Boredom
624,27.0,Non-binary,Instagram,190.0,8.0,105.0,36.0,50.0,Happiness
625,27.0,Female,Twitter,70.0,3.0,25.0,16.0,15.0,Sadness
626,27.0,Male,Facebook,80.0,2.0,20.0,10.0,20.0,Neutral
627,27.0,Non-binary,LinkedIn,55.0,1.0,12.0,5.0,11.0,Anxiety
628,27.0,Female,Instagram,160.0,6.0,85.0,26.0,30.0,Happiness
629,27.0,Male,Twitter,90.0,4.0,43.0,19.0,24.0,Anger
630,27.0,Non-binary,Facebook,45.0,1.0,8.0,4.0,12.0,Sadness
631,27.0,Female,LinkedIn,65.0,2.0,17.0,5.0,14.0,Boredom
632,27.0,Male,Instagram,145.0,7.0,80.0,30.0,35.0,Happiness
633,27.0,Non-binary,Twitter,70.0,3.0,30.0,14.0,18.0,Neutral
634,27.0,Female,Instagram,130.0,6.0,95.0,22.0,28.0,Sadness
635,27.0,Male,Facebook,65.0,2.0,27.0,11.0,22.0,Anxiety
636,27.0,Non-binary,LinkedIn,55.0,1.0,11.0,6.0,11.0,Boredom
637,27.0,Female,Instagram,170.0,7.0,95.0,30.0,38.0,Happiness
638,27.0,Male,Twitter,85.0,4.0,45.0,18.0,24.0,Anger
639,27.0,Female,Instagram,115.0,3.0,60.0,17.0,30.0,Neutral
640,27.0,Non-binary,Facebook,100.0,2.0,22.0,12.0,25.0,Anxiety
641,27.0,Male,LinkedIn,45.0,1.0,9.0,4.0,10.0,Sadness
642,27.0,Female,Instagram,150.0,6.0,90.0,26.0,30.0,Happiness
643,27.0,Male,Twitter,95.0,4.0,50.0,22.0,22.0,Anger
644,27.0,Non-binary,Facebook,105.0,2.0,25.0,12.0,18.0,Neutral
645,27.0,Female,LinkedIn,60.0,1.0,15.0,7.0,14.0,Boredom
646,27.0,Male,Instagram,175.0,7.0,100.0,33.0,38.0,Happiness
647,27.0,Female,Twitter,90.0,3.0,37.0,14.0,20.0,Sadness
648,27.0,Non-binary,Facebook,75.0,2.0,30.0,12.0,18.0,Anxiety
649,27.0,Male,Instagram,130.0,5.0,80.0,28.0,31.0,Neutral
650,27.0,Female,LinkedIn,55.0,1.0,12.0,6.0,10.0,Boredom
651,27.0,Male,Instagram,165.0,6.0,85.0,30.0,28.0,Happiness
652,27.0,Female,Twitter,75.0,3.0,33.0,18.0,19.0,Anger
653,27.0,Non-binary,Facebook,85.0,2.0,27.0,9.0,20.0,Neutral
654,27.0,Female,Instagram,145.0,4.0,65.0,23.0,35.0,Sadness
655,27.0,Male,LinkedIn,60.0,1.0,15.0,7.0,17.0,Anxiety
656,27.0,Female,Whatsapp,70.0,2.0,42.0,10.0,21.0,Anxiety
657,27.0,Male,Telegram,90.0,3.0,22.0,11.0,22.0,Boredom
658,27.0,Non-binary,Snapchat,50.0,2.0,18.0,7.0,18.0,Sadness
659,27.0,Female,Twitter,95.0,4.0,48.0,22.0,25.0,Happiness
660,27.0,Male,Facebook,60.0,1.0,12.0,5.0,15.0,Boredom
661,27.0,Female,Instagram,175.0,6.0,72.0,30.0,33.0,Happiness
662,27.0,Male,Whatsapp,70.0,3.0,22.0,10.0,18.0,Anger
663,27.0,Non-binary,Telegram,80.0,2.0,21.0,8.0,20.0,Neutral
664,27.0,Female,Snapchat,120.0,4.0,55.0,18.0,30.0,Anxiety
665,27.0,Male,Twitter,90.0,6.0,42.0,14.0,26.0,Sadness
666,27.0,Non-binary,Facebook,60.0,1.0,12.0,4.0,12.0,Boredom
667,27.0,Male,Instagram,165.0,5.0,78.0,23.0,35.0,Happiness
668,27.0,Female,Whatsapp,65.0,2.0,27.0,10.0,20.0,Neutral
669,27.0,Male,Telegram,105.0,3.0,48.0,20.0,28.0,Anxiety
670,27.0,Non-binary,Snapchat,75.0,2.0,21.0,8.0,20.0,Sadness
671,27.0,Female,Instagram,140.0,4.0,65.0,22.0,30.0,Happiness
672,27.0,Male,Twitter,70.0,1.0,13.0,8.0,10.0,Boredom
673,27.0,Non-binary,Facebook,55.0,3.0,17.0,7.0,12.0,Neutral
674,27.0,Female,Whatsapp,90.0,2.0,24.0,12.0,22.0,Anger
675,27.0,Male,Telegram,80.0,4.0,30.0,13.0,25.0,Neutral
676,27.0,Non-binary,Snapchat,115.0,3.0,38.0,18.0,27.0,Anxiety
677,27.0,Female,Instagram,155.0,6.0,75.0,25.0,38.0,Happiness
678,27.0,Male,Twitter,75.0,2.0,23.0,12.0,18.0,Sadness
679,27.0,Non-binary,Facebook,65.0,1.0,13.0,7.0,14.0,Anxiety
680,27.0,Female,Whatsapp,90.0,4.0,37.0,18.0,20.0,Neutral
681,27.0,Male,Telegram,50.0,2.0,20.0,10.0,12.0,Sadness
682,27.0,Non-binary,Snapchat,85.0,3.0,33.0,20.0,18.0,Happiness
683,27.0,Female,Instagram,120.0,5.0,60.0,25.0,25.0,Anger
684,27.0,Male,Twitter,70.0,1.0,22.0,7.0,22.0,Neutral
685,27.0,Non-binary,Facebook,75.0,2.0,20.0,8.0,20.0,Boredom
686,27.0,Female,Whatsapp,100.0,4.0,37.0,14.0,26.0,Anxiety
687,27.0,Male,Telegram,85.0,3.0,45.0,20.0,28.0,Sadness
688,27.0,Non-binary,Snapchat,60.0,1.0,18.0,7.0,12.0,Neutral
689,27.0,Female,Instagram,170.0,6.0,83.0,30.0,33.0,Happiness
690,27.0,Male,Twitter,70.0,2.0,30.0,12.0,20.0,Anxiety
691,27.0,Non-binary,Facebook,50.0,1.0,10.0,4.0,10.0,Boredom
692,27.0,Female,Whatsapp,105.0,4.0,55.0,25.0,25.0,Anger
693,27.0,Male,Telegram,75.0,3.0,37.0,16.0,22.0,Neutral
694,27.0,Female,Snapchat,95.0,2.0,23.0,10.0,28.0,Sadness
695,27.0,Male,Instagram,150.0,5.0,70.0,25.0,30.0,Anxiety
696,27.0,Non-binary,Twitter,85.0,4.0,35.0,18.0,18.0,Boredom
697,27.0,Female,Facebook,70.0,1.0,14.0,6.0,10.0,Neutral
698,27.0,Male,Whatsapp,110.0,3.0,50.0,25.0,25.0,Happiness
699,27.0,Non-binary,Telegram,60.0,2.0,18.0,8.0,18.0,Anger
700,27.0,Female,Snapchat,120.0,4.0,40.0,18.0,22.0,Neutral
701,27.0,Female,Instagram,120.0,5.0,50.0,20.0,25.0,Happiness
702,27.0,Male,Twitter,90.0,4.0,30.0,20.0,22.0,Anger
703,27.0,Non-binary,Facebook,60.0,2.0,20.0,10.0,15.0,Neutral
704,27.0,Female,Instagram,200.0,8.0,110.0,40.0,45.0,Anxiety
705,27.0,Male,LinkedIn,45.0,1.0,10.0,5.0,12.0,Boredom
706,27.0,Male,Instagram,150.0,5.0,65.0,25.0,30.0,Happiness
707,27.0,Female,Twitter,85.0,3.0,40.0,18.0,20.0,Anger
708,27.0,Non-binary,Facebook,110.0,6.0,35.0,16.0,25.0,Sadness
709,27.0,Female,LinkedIn,55.0,2.0,15.0,5.0,10.0,Neutral
710,27.0,Male,Instagram,170.0,7.0,90.0,35.0,40.0,Happiness
711,27.0,Female,Twitter,75.0,4.0,45.0,20.0,25.0,Anxiety
712,27.0,Non-binary,Facebook,95.0,3.0,30.0,14.0,18.0,Sadness
713,27.0,Male,LinkedIn,65.0,1.0,14.0,6.0,15.0,Boredom
714,27.0,Female,Instagram,180.0,8.0,100.0,38.0,45.0,Happiness
715,27.0,Male,Twitter,100.0,6.0,50.0,30.0,29.0,Anger
716,27.0,Non-binary,Facebook,40.0,1.0,10.0,4.0,12.0,Neutral
717,27.0,Female,Instagram,125.0,5.0,65.0,22.0,28.0,Anxiety
718,27.0,Male,Twitter,90.0,3.0,40.0,16.0,24.0,Sadness
719,27.0,Non-binary,LinkedIn,50.0,1.0,12.0,6.0,12.0,Neutral
720,27.0,Female,Instagram,140.0,6.0,75.0,28.0,30.0,Happiness
721,27.0,Male,Facebook,75.0,2.0,30.0,14.0,20.0,Anxiety
722,27.0,Female,Twitter,105.0,4.0,35.0,20.0,23.0,Anger
723,27.0,Male,LinkedIn,60.0,2.0,17.0,8.0,15.0,Boredom
724,27.0,Non-binary,Instagram,190.0,8.0,105.0,36.0,50.0,Happiness
725,27.0,Female,Twitter,70.0,3.0,25.0,16.0,15.0,Sadness
726,27.0,Male,Facebook,80.0,2.0,20.0,10.0,20.0,Neutral
727,27.0,Non-binary,LinkedIn,55.0,1.0,12.0,5.0,11.0,Anxiety
728,27.0,Female,Instagram,160.0,6.0,85.0,26.0,30.0,Happiness
729,27.0,Male,Twitter,90.0,4.0,43.0,19.0,24.0,Anger
730,27.0,Non-binary,Facebook,45.0,1.0,8.0,4.0,12.0,Sadness
731,27.0,Female,LinkedIn,65.0,2.0,17.0,5.0,14.0,Boredom
732,27.0,Male,Instagram,145.0,7.0,80.0,30.0,35.0,Happiness
733,27.0,Non-binary,Twitter,70.0,3.0,30.0,14.0,18.0,Neutral
734,27.0,Female,Instagram,130.0,6.0,95.0,22.0,28.0,Sadness
735,27.0,Male,Facebook,65.0,2.0,27.0,11.0,22.0,Anxiety
736,27.0,Non-binary,LinkedIn,55.0,1.0,11.0,6.0,11.0,Boredom
737,27.0,Female,Instagram,170.0,7.0,95.0,30.0,38.0,Happiness
738,27.0,Male,Twitter,85.0,4.0,45.0,18.0,24.0,Anger
739,27.0,Female,Instagram,115.0,3.0,60.0,17.0,30.0,Neutral
740,27.0,Non-binary,Facebook,100.0,2.0,22.0,12.0,25.0,Anxiety
741,27.0,Male,LinkedIn,45.0,1.0,9.0,4.0,10.0,Sadness
742,27.0,Female,Instagram,150.0,6.0,90.0,26.0,30.0,Happiness
743,27.0,Male,Twitter,95.0,4.0,50.0,22.0,22.0,Anger
744,27.0,Non-binary,Facebook,105.0,2.0,25.0,12.0,18.0,Neutral
745,27.0,Female,LinkedIn,60.0,1.0,15.0,7.0,14.0,Boredom
746,27.0,Male,Instagram,175.0,7.0,100.0,33.0,38.0,Happiness
747,27.0,Female,Twitter,90.0,3.0,37.0,14.0,20.0,Sadness
748,27.0,Non-binary,Facebook,75.0,2.0,30.0,12.0,18.0,Anxiety
749,27.0,Male,Instagram,130.0,5.0,80.0,28.0,31.0,Neutral
750,27.0,Female,LinkedIn,55.0,1.0,12.0,6.0,10.0,Boredom
751,27.0,27,Instagram,165.0,6.0,85.0,30.0,28.0,Happiness
752,27.0,24,Twitter,75.0,3.0,33.0,18.0,19.0,Anger
753,27.0,29,Facebook,85.0,2.0,27.0,9.0,20.0,Neutral
754,27.0,33,Instagram,145.0,4.0,65.0,23.0,35.0,Sadness
755,27.0,31,LinkedIn,60.0,1.0,15.0,7.0,17.0,Anxiety
756,27.0,22,Whatsapp,70.0,2.0,42.0,10.0,21.0,Anxiety
757,27.0,25,Telegram,90.0,3.0,22.0,11.0,22.0,Boredom
758,27.0,29,Snapchat,50.0,2.0,18.0,7.0,18.0,Sadness
759,27.0,28,Twitter,95.0,4.0,48.0,22.0,25.0,Happiness
760,27.0,27,Facebook,60.0,1.0,12.0,5.0,15.0,Boredom
761,27.0,30,Instagram,175.0,6.0,72.0,30.0,33.0,Happiness
762,27.0,23,Whatsapp,70.0,3.0,22.0,10.0,18.0,Anger
763,27.0,34,Telegram,80.0,2.0,21.0,8.0,20.0,Neutral
764,27.0,26,Snapchat,120.0,4.0,55.0,18.0,30.0,Anxiety
765,27.0,25,Twitter,90.0,6.0,42.0,14.0,26.0,Sadness
766,27.0,29,Facebook,60.0,1.0,12.0,4.0,12.0,Boredom
767,27.0,28,Instagram,165.0,5.0,78.0,23.0,35.0,Happiness
768,27.0,31,Whatsapp,65.0,2.0,27.0,10.0,20.0,Neutral
769,27.0,27,Telegram,105.0,3.0,48.0,20.0,28.0,Anxiety
770,27.0,22,Snapchat,75.0,2.0,21.0,8.0,20.0,Sadness
771,27.0,24,Instagram,140.0,4.0,65.0,22.0,30.0,Happiness
772,27.0,35,Twitter,70.0,1.0,13.0,8.0,10.0,Boredom
773,27.0,21,Facebook,55.0,3.0,17.0,7.0,12.0,Neutral
774,27.0,29,Whatsapp,90.0,2.0,24.0,12.0,22.0,Anger
775,27.0,25,Telegram,80.0,4.0,30.0,13.0,25.0,Neutral
776,27.0,28,Snapchat,115.0,3.0,38.0,18.0,27.0,Anxiety
777,27.0,32,Instagram,155.0,6.0,75.0,25.0,38.0,Happiness
778,27.0,26,Twitter,75.0,2.0,23.0,12.0,18.0,Sadness
779,27.0,33,Facebook,65.0,1.0,13.0,7.0,14.0,Anxiety
780,27.0,27,Whatsapp,90.0,4.0,37.0,18.0,20.0,Neutral
781,27.0,31,Telegram,50.0,2.0,20.0,10.0,12.0,Sadness
782,27.0,24,Snapchat,85.0,3.0,33.0,20.0,18.0,Happiness
783,27.0,34,Instagram,120.0,5.0,60.0,25.0,25.0,Anger
784,27.0,22,Twitter,70.0,1.0,22.0,7.0,22.0,Neutral
785,27.0,29,Facebook,75.0,2.0,20.0,8.0,20.0,Boredom
786,27.0,28,Whatsapp,100.0,4.0,37.0,14.0,26.0,Anxiety
787,27.0,31,Telegram,85.0,3.0,45.0,20.0,28.0,Sadness
788,27.0,21,Snapchat,60.0,1.0,18.0,7.0,12.0,Neutral
789,27.0,Female,Instagram,170.0,6.0,83.0,30.0,33.0,Happiness
790,27.0,Male,Twitter,70.0,2.0,30.0,12.0,20.0,Anxiety
791,27.0,Non-binary,Facebook,50.0,1.0,10.0,4.0,10.0,Boredom
792,27.0,Female,Whatsapp,105.0,4.0,55.0,25.0,25.0,Anger
793,27.0,Male,Telegram,75.0,3.0,37.0,16.0,22.0,Neutral
794,27.0,Female,Snapchat,95.0,2.0,23.0,10.0,28.0,Sadness
795,27.0,Male,Instagram,150.0,5.0,70.0,25.0,30.0,Anxiety
796,27.0,Non-binary,Twitter,85.0,4.0,35.0,18.0,18.0,Boredom
797,27.0,Female,Facebook,70.0,1.0,14.0,6.0,10.0,Neutral
798,27.0,Male,Whatsapp,110.0,3.0,50.0,25.0,25.0,Happiness
799,27.0,Non-binary,Telegram,60.0,2.0,18.0,8.0,18.0,Anger
800,27.0,Female,Snapchat,120.0,4.0,40.0,18.0,22.0,Neutral
801,27.0,Female,Instagram,120.0,5.0,50.0,20.0,25.0,Happiness
802,27.0,Male,Twitter,90.0,4.0,30.0,20.0,22.0,Anger
803,27.0,Non-binary,Facebook,60.0,2.0,20.0,10.0,15.0,Neutral
804,27.0,Female,Instagram,200.0,8.0,110.0,40.0,45.0,Anxiety
805,27.0,Male,LinkedIn,45.0,1.0,10.0,5.0,12.0,Boredom
806,27.0,Male,Instagram,150.0,5.0,65.0,25.0,30.0,Happiness
807,27.0,Female,Twitter,85.0,3.0,40.0,18.0,20.0,Anger
808,27.0,Non-binary,Facebook,110.0,6.0,35.0,16.0,25.0,Sadness
809,27.0,Female,LinkedIn,55.0,2.0,15.0,5.0,10.0,Neutral
810,27.0,Male,Instagram,170.0,7.0,90.0,35.0,40.0,Happiness
811,27.0,Female,Twitter,75.0,4.0,45.0,20.0,25.0,Anxiety
812,27.0,Non-binary,Facebook,95.0,3.0,30.0,14.0,18.0,Sadness
813,27.0,Male,LinkedIn,65.0,1.0,14.0,6.0,15.0,Boredom
814,27.0,Female,Instagram,180.0,8.0,100.0,38.0,45.0,Happiness
815,27.0,Male,Twitter,100.0,6.0,50.0,30.0,29.0,Anger
816,27.0,Non-binary,Facebook,40.0,1.0,10.0,4.0,12.0,Neutral
817,27.0,Female,Instagram,125.0,5.0,65.0,22.0,28.0,Anxiety
818,27.0,Male,Twitter,90.0,3.0,40.0,16.0,24.0,Sadness
819,27.0,Non-binary,LinkedIn,50.0,1.0,12.0,6.0,12.0,Neutral
820,27.0,Female,Instagram,140.0,6.0,75.0,28.0,30.0,Happiness
821,27.0,Male,Facebook,75.0,2.0,30.0,14.0,20.0,Anxiety
822,27.0,Female,Twitter,105.0,4.0,35.0,20.0,23.0,Anger
823,27.0,Male,LinkedIn,60.0,2.0,17.0,8.0,15.0,Boredom
824,27.0,Non-binary,Instagram,190.0,8.0,105.0,36.0,50.0,Happiness
825,27.0,Female,Twitter,70.0,3.0,25.0,16.0,15.0,Sadness
826,27.0,Male,Facebook,80.0,2.0,20.0,10.0,20.0,Neutral
827,27.0,Non-binary,LinkedIn,55.0,1.0,12.0,5.0,11.0,Anxiety
828,27.0,Female,Instagram,160.0,6.0,85.0,26.0,30.0,Happiness
829,27.0,Male,Twitter,90.0,4.0,43.0,19.0,24.0,Anger
830,27.0,Non-binary,Facebook,45.0,1.0,8.0,4.0,12.0,Sadness
831,27.0,Female,LinkedIn,65.0,2.0,17.0,5.0,14.0,Boredom
832,27.0,Male,Instagram,145.0,7.0,80.0,30.0,35.0,Happiness
833,27.0,Non-binary,Twitter,70.0,3.0,30.0,14.0,18.0,Neutral
834,27.0,Female,Instagram,130.0,6.0,95.0,22.0,28.0,Sadness
835,27.0,Male,Facebook,65.0,2.0,27.0,11.0,22.0,Anxiety
836,27.0,Non-binary,LinkedIn,55.0,1.0,11.0,6.0,11.0,Boredom
837,27.0,Female,Instagram,170.0,7.0,95.0,30.0,38.0,Happiness
838,27.0,Male,Twitter,85.0,4.0,45.0,18.0,24.0,Anger
839,27.0,Female,Instagram,115.0,3.0,60.0,17.0,30.0,Neutral
840,27.0,Non-binary,Facebook,100.0,2.0,22.0,12.0,25.0,Anxiety
841,27.0,Male,LinkedIn,45.0,1.0,9.0,4.0,10.0,Sadness
842,27.0,Female,Instagram,150.0,6.0,90.0,26.0,30.0,Happiness
843,27.0,Male,Twitter,95.0,4.0,50.0,22.0,22.0,Anger
844,27.0,Non-binary,Facebook,105.0,2.0,25.0,12.0,18.0,Neutral
845,27.0,Female,LinkedIn,60.0,1.0,15.0,7.0,14.0,Boredom
846,27.0,Male,Instagram,175.0,7.0,100.0,33.0,38.0,Happiness
847,27.0,Female,Twitter,90.0,3.0,37.0,14.0,20.0,Sadness
848,27.0,Non-binary,Facebook,75.0,2.0,30.0,12.0,18.0,Anxiety
849,27.0,Male,Instagram,130.0,5.0,80.0,28.0,31.0,Neutral
850,27.0,Female,LinkedIn,55.0,1.0,12.0,6.0,10.0,Boredom
851,27.0,Male,Instagram,165.0,6.0,85.0,30.0,28.0,Happiness
852,27.0,Female,Twitter,75.0,3.0,33.0,18.0,19.0,Anger
853,27.0,Non-binary,Facebook,85.0,2.0,27.0,9.0,20.0,Neutral
854,27.0,Female,Instagram,145.0,4.0,65.0,23.0,35.0,Sadness
855,27.0,Male,LinkedIn,60.0,1.0,15.0,7.0,17.0,Anxiety
856,27.0,Female,Whatsapp,70.0,2.0,42.0,10.0,21.0,Anxiety
857,27.0,Male,Telegram,90.0,3.0,22.0,11.0,22.0,Boredom
858,27.0,Non-binary,Snapchat,50.0,2.0,18.0,7.0,18.0,Sadness
859,27.0,Female,Twitter,95.0,4.0,48.0,22.0,25.0,Happiness
860,27.0,Male,Facebook,60.0,1.0,12.0,5.0,15.0,Boredom
861,27.0,Female,Instagram,175.0,6.0,72.0,30.0,33.0,Happiness
862,27.0,Male,Whatsapp,70.0,3.0,22.0,10.0,18.0,Anger
863,27.0,Non-binary,Telegram,80.0,2.0,21.0,8.0,20.0,Neutral
864,27.0,Female,Snapchat,120.0,4.0,55.0,18.0,30.0,Anxiety
865,27.0,Male,Twitter,90.0,6.0,42.0,14.0,26.0,Sadness
866,27.0,Non-binary,Facebook,60.0,1.0,12.0,4.0,12.0,Boredom
867,27.0,Male,Instagram,165.0,5.0,78.0,23.0,35.0,Happiness
868,27.0,Female,Whatsapp,65.0,2.0,27.0,10.0,20.0,Neutral
869,27.0,Male,Telegram,105.0,3.0,48.0,20.0,28.0,Anxiety
870,27.0,Non-binary,Snapchat,75.0,2.0,21.0,8.0,20.0,Sadness
871,27.0,Female,Instagram,140.0,4.0,65.0,22.0,30.0,Happiness
872,27.0,Male,Twitter,70.0,1.0,13.0,8.0,10.0,Boredom
873,27.0,Non-binary,Facebook,55.0,3.0,17.0,7.0,12.0,Neutral
874,27.0,Female,Whatsapp,90.0,2.0,24.0,12.0,22.0,Anger
875,27.0,Male,Telegram,80.0,4.0,30.0,13.0,25.0,Neutral
876,27.0,Non-binary,Snapchat,115.0,3.0,38.0,18.0,27.0,Anxiety
877,27.0,Female,Instagram,155.0,6.0,75.0,25.0,38.0,Happiness
878,27.0,Male,Twitter,75.0,2.0,23.0,12.0,18.0,Sadness
879,27.0,Non-binary,Facebook,65.0,1.0,13.0,7.0,14.0,Anxiety
880,27.0,Female,Whatsapp,90.0,4.0,37.0,18.0,20.0,Neutral
881,27.0,Male,Telegram,50.0,2.0,20.0,10.0,12.0,Sadness
882,27.0,Non-binary,Snapchat,85.0,3.0,33.0,20.0,18.0,Happiness
883,27.0,Female,Instagram,120.0,5.0,60.0,25.0,25.0,Anger
884,27.0,Male,Twitter,70.0,1.0,22.0,7.0,22.0,Neutral
885,27.0,Non-binary,Facebook,75.0,2.0,20.0,8.0,20.0,Boredom
886,27.0,Female,Whatsapp,100.0,4.0,37.0,14.0,26.0,Anxiety
887,27.0,Male,Telegram,85.0,3.0,45.0,20.0,28.0,Sadness
888,27.0,Non-binary,Snapchat,60.0,1.0,18.0,7.0,12.0,Neutral
889,27.0,Female,Instagram,170.0,6.0,83.0,30.0,33.0,Happiness
890,27.0,Male,Twitter,70.0,2.0,30.0,12.0,20.0,Anxiety
891,27.0,Non-binary,Facebook,50.0,1.0,10.0,4.0,10.0,Boredom
892,27.0,Female,Whatsapp,105.0,4.0,55.0,25.0,25.0,Anger
893,27.0,Male,Telegram,75.0,3.0,37.0,16.0,22.0,Neutral
894,27.0,Female,Snapchat,95.0,2.0,23.0,10.0,28.0,Sadness
895,27.0,Male,Instagram,150.0,5.0,70.0,25.0,30.0,Anxiety
896,27.0,Non-binary,Twitter,85.0,4.0,35.0,18.0,18.0,Boredom
897,27.0,Female,Facebook,70.0,1.0,14.0,6.0,10.0,Neutral
898,27.0,Male,Whatsapp,110.0,3.0,50.0,25.0,25.0,Happiness
899,27.0,Non-binary,Telegram,60.0,2.0,18.0,8.0,18.0,Anger
900,27.0,Female,Snapchat,120.0,4.0,40.0,18.0,22.0,Neutral
901,27.0,Female,Instagram,120.0,5.0,50.0,20.0,25.0,Happiness
902,27.0,Male,Twitter,90.0,4.0,30.0,20.0,22.0,Anger
903,27.0,Non-binary,Facebook,60.0,2.0,20.0,10.0,15.0,Neutral
904,27.0,Female,Instagram,200.0,8.0,110.0,40.0,45.0,Anxiety
905,27.0,Male,LinkedIn,45.0,1.0,10.0,5.0,12.0,Boredom
906,27.0,Male,Instagram,150.0,5.0,65.0,25.0,30.0,Happiness
907,27.0,Female,Twitter,85.0,3.0,40.0,18.0,20.0,Anger
908,27.0,Non-binary,Facebook,110.0,6.0,35.0,16.0,25.0,Sadness
909,27.0,Female,LinkedIn,55.0,2.0,15.0,5.0,10.0,Neutral
910,27.0,Male,Instagram,170.0,7.0,90.0,35.0,40.0,Happiness
911,27.0,Female,Twitter,75.0,4.0,45.0,20.0,25.0,Anxiety
912,27.0,Non-binary,Facebook,95.0,3.0,30.0,14.0,18.0,Sadness
913,27.0,Male,LinkedIn,65.0,1.0,14.0,6.0,15.0,Boredom
914,27.0,Female,Instagram,180.0,8.0,100.0,38.0,45.0,Happiness
915,27.0,Male,Twitter,100.0,6.0,50.0,30.0,29.0,Anger
916,27.0,Non-binary,Facebook,40.0,1.0,10.0,4.0,12.0,Neutral
917,27.0,Female,Instagram,125.0,5.0,65.0,22.0,28.0,Anxiety
918,27.0,Male,Twitter,90.0,3.0,40.0,16.0,24.0,Sadness
919,27.0,Non-binary,LinkedIn,50.0,1.0,12.0,6.0,12.0,Neutral
920,27.0,Female,Instagram,140.0,6.0,75.0,28.0,30.0,Happiness
921,27.0,Male,Facebook,75.0,2.0,30.0,14.0,20.0,Anxiety
922,27.0,Female,Twitter,105.0,4.0,35.0,20.0,23.0,Anger
923,27.0,Male,LinkedIn,60.0,2.0,17.0,8.0,15.0,Boredom
924,27.0,Non-binary,Instagram,190.0,8.0,105.0,36.0,50.0,Happiness
925,27.0,Female,Twitter,70.0,3.0,25.0,16.0,15.0,Sadness
926,27.0,Male,Facebook,80.0,2.0,20.0,10.0,20.0,Neutral
927,27.0,Non-binary,LinkedIn,55.0,1.0,12.0,5.0,11.0,Anxiety
928,27.0,Female,Instagram,160.0,6.0,85.0,26.0,30.0,Happiness
929,27.0,Male,Twitter,90.0,4.0,43.0,19.0,24.0,Anger
930,27.0,Non-binary,Facebook,45.0,1.0,8.0,4.0,12.0,Sadness
931,27.0,Female,LinkedIn,65.0,2.0,17.0,5.0,14.0,Boredom
932,27.0,Male,Instagram,145.0,7.0,80.0,30.0,35.0,Happiness
933,27.0,Non-binary,Twitter,70.0,3.0,30.0,14.0,18.0,Neutral
934,27.0,Female,Instagram,130.0,6.0,95.0,22.0,28.0,Sadness
935,27.0,Male,Facebook,65.0,2.0,27.0,11.0,22.0,Anxiety
936,27.0,Non-binary,LinkedIn,55.0,1.0,11.0,6.0,11.0,Boredom
937,27.0,Female,Instagram,170.0,7.0,95.0,30.0,38.0,Happiness
938,27.0,Male,Twitter,85.0,4.0,45.0,18.0,24.0,Anger
939,27.0,Female,Instagram,115.0,3.0,60.0,17.0,30.0,Neutral
940,27.0,Non-binary,Facebook,100.0,2.0,22.0,12.0,25.0,Anxiety
941,27.0,Male,LinkedIn,45.0,1.0,9.0,4.0,10.0,Sadness
942,27.0,Female,Instagram,150.0,6.0,90.0,26.0,30.0,Happiness
943,27.0,Male,Twitter,95.0,4.0,50.0,22.0,22.0,Anger
944,27.0,Non-binary,Facebook,105.0,2.0,25.0,12.0,18.0,Neutral
945,27.0,Female,LinkedIn,60.0,1.0,15.0,7.0,14.0,Boredom
946,27.0,Male,Instagram,175.0,7.0,100.0,33.0,38.0,Happiness
947,27.0,Female,Twitter,90.0,3.0,37.0,14.0,20.0,Sadness
948,27.0,Non-binary,Facebook,75.0,2.0,30.0,12.0,18.0,Anxiety
949,27.0,Male,Instagram,130.0,5.0,80.0,28.0,31.0,Neutral
950,27.0,Female,LinkedIn,55.0,1.0,12.0,6.0,10.0,Boredom
951,27.0,Male,Instagram,165.0,6.0,85.0,30.0,28.0,Happiness
952,27.0,Female,Twitter,75.0,3.0,33.0,18.0,19.0,Anger
953,27.0,Non-binary,Facebook,85.0,2.0,27.0,9.0,20.0,Neutral
954,27.0,Female,Instagram,145.0,4.0,65.0,23.0,35.0,Sadness
955,27.0,Male,LinkedIn,60.0,1.0,15.0,7.0,17.0,Anxiety
956,27.0,Female,Whatsapp,70.0,2.0,42.0,10.0,21.0,Anxiety
957,27.0,Male,Telegram,90.0,3.0,22.0,11.0,22.0,Boredom
958,27.0,Non-binary,Snapchat,50.0,2.0,18.0,7.0,18.0,Sadness
959,27.0,Female,Twitter,95.0,4.0,48.0,22.0,25.0,Happiness
960,27.0,Male,Facebook,60.0,1.0,12.0,5.0,15.0,Boredom
961,27.0,Female,Instagram,175.0,6.0,72.0,30.0,33.0,Happiness
962,27.0,Male,Whatsapp,70.0,3.0,22.0,10.0,18.0,Anger
963,27.0,Non-binary,Telegram,80.0,2.0,21.0,8.0,20.0,Neutral
964,27.0,Female,Snapchat,120.0,4.0,55.0,18.0,30.0,Anxiety
965,27.0,Male,Twitter,90.0,6.0,42.0,14.0,26.0,Sadness
966,27.0,Non-binary,Facebook,60.0,1.0,12.0,4.0,12.0,Boredom
967,27.0,Male,Instagram,165.0,5.0,78.0,23.0,35.0,Happiness
968,27.0,Female,Whatsapp,65.0,2.0,27.0,10.0,20.0,Neutral
969,27.0,Male,Telegram,105.0,3.0,48.0,20.0,28.0,Anxiety
970,27.0,Non-binary,Snapchat,75.0,2.0,21.0,8.0,20.0,Sadness
971,27.0,Female,Instagram,140.0,4.0,65.0,22.0,30.0,Happiness
972,27.0,Male,Twitter,70.0,1.0,13.0,8.0,10.0,Boredom
973,27.0,Non-binary,Facebook,55.0,3.0,17.0,7.0,12.0,Neutral
974,27.0,Female,Whatsapp,90.0,2.0,24.0,12.0,22.0,Anger
975,27.0,Male,Telegram,80.0,4.0,30.0,13.0,25.0,Neutral
976,27.0,Non-binary,Snapchat,115.0,3.0,38.0,18.0,27.0,Anxiety
977,27.0,Female,Instagram,155.0,6.0,75.0,25.0,38.0,Happiness
978,27.0,Male,Twitter,75.0,2.0,23.0,12.0,18.0,Sadness
979,27.0,Non-binary,Facebook,65.0,1.0,13.0,7.0,14.0,Anxiety
980,27.0,Female,Whatsapp,90.0,4.0,37.0,18.0,20.0,Neutral
981,27.0,Male,Telegram,50.0,2.0,20.0,10.0,12.0,Sadness
982,27.0,Non-binary,Snapchat,85.0,3.0,33.0,20.0,18.0,Happiness
983,27.0,Female,Instagram,120.0,5.0,60.0,25.0,25.0,Anger
984,27.0,Male,Twitter,70.0,1.0,22.0,7.0,22.0,Neutral
985,27.0,Non-binary,Facebook,75.0,2.0,20.0,8.0,20.0,Boredom
986,27.0,Female,Whatsapp,100.0,4.0,37.0,14.0,26.0,Anxiety
987,27.0,Male,Telegram,85.0,3.0,45.0,20.0,28.0,Sadness
988,27.0,Non-binary,Snapchat,60.0,1.0,18.0,7.0,12.0,Neutral
989,27.0,Female,Instagram,170.0,6.0,83.0,30.0,33.0,Happiness
990,27.0,Male,Twitter,70.0,2.0,30.0,12.0,20.0,Anxiety
991,27.0,Non-binary,Facebook,50.0,1.0,10.0,4.0,10.0,Boredom
992,27.0,Female,Whatsapp,105.0,4.0,55.0,25.0,25.0,Anger
993,27.0,Male,Telegram,75.0,3.0,37.0,16.0,22.0,Neutral
994,27.0,Female,Snapchat,95.0,2.0,23.0,10.0,28.0,Sadness
995,27.0,Male,Instagram,150.0,5.0,70.0,25.0,30.0,Anxiety
996,27.0,Non-binary,Twitter,85.0,4.0,35.0,18.0,18.0,Boredom
997,27.0,Female,Facebook,70.0,1.0,14.0,6.0,10.0,Neutral
998,27.0,Male,Whatsapp,110.0,3.0,50.0,25.0,25.0,Happiness
999,27.0,Non-binary,Telegram,60.0,2.0,18.0,8.0,18.0,Anger
1000,27.0,Female,Snapchat,120.0,4.0,40.0,18.0,22.0,Neutral
