User_ID,Age,Gender,Platform,Daily_Usage_Time (minutes),Posts_Per_Day,Likes_Received_Per_Day,Comments_Received_Per_Day,Messages_Sent_Per_Day,Dominant_Emotion,Emotion_Binary,Cluster
1,27.0,Female,Instagram,120.0,3.0,45.0,10.0,12.0,Happiness,0,2
2,21.0,Male,Twitter,90.0,5.0,20.0,25.0,30.0,Anger,0,2
3,28.0,Non-binary,Facebook,60.0,2.0,15.0,5.0,20.0,Neutral,0,0
4,27.0,Female,Instagram,200.0,8.0,100.0,30.0,50.0,Anxiety,0,1
5,21.0,Male,LinkedIn,45.0,1.0,5.0,2.0,10.0,Boredom,0,0
6,25.0,Male,Instagram,150.0,4.0,60.0,15.0,25.0,Happiness,0,2
7,25.0,Female,Twitter,85.0,3.0,30.0,10.0,18.0,Anger,0,0
8,21.0,Non-binary,Facebook,110.0,6.0,25.0,12.0,22.0,Sadness,0,2
9,24.0,Female,LinkedIn,55.0,2.0,10.0,3.0,8.0,Neutral,0,0
10,33.0,Male,Instagram,170.0,5.0,80.0,20.0,35.0,Happiness,0,1
11,32.0,Female,Twitter,75.0,4.0,35.0,7.0,20.0,Anxiety,0,2
12,23.0,Non-binary,Facebook,95.0,3.0,20.0,10.0,18.0,Sadness,0,0
13,32.0,Male,LinkedIn,65.0,1.0,12.0,4.0,15.0,Boredom,0,0
14,25.0,Female,Instagram,180.0,7.0,90.0,25.0,40.0,Happiness,0,1
15,35.0,Male,Twitter,100.0,6.0,40.0,23.0,28.0,Anger,0,2
16,31.0,Non-binary,Facebook,40.0,1.0,5.0,2.0,10.0,Neutral,0,0
17,31.0,Female,Instagram,125.0,4.0,55.0,18.0,30.0,Anxiety,0,2
18,34.0,Male,Twitter,90.0,3.0,33.0,15.0,25.0,Sadness,0,2
19,28.0,Non-binary,LinkedIn,50.0,1.0,8.0,3.0,12.0,Neutral,0,0
20,29.0,Female,Instagram,140.0,5.0,70.0,22.0,33.0,Happiness,0,1
21,31.0,Male,Facebook,75.0,2.0,25.0,10.0,18.0,Anxiety,0,0
22,23.0,Female,Twitter,105.0,4.0,28.0,14.0,20.0,Anger,0,2
23,22.0,Male,LinkedIn,60.0,2.0,11.0,5.0,17.0,Boredom,0,0
24,25.0,Non-binary,Instagram,190.0,8.0,95.0,26.0,45.0,Happiness,0,1
25,24.0,Female,Twitter,70.0,3.0,20.0,12.0,15.0,Sadness,0,0
26,29.0,Male,Facebook,80.0,2.0,18.0,8.0,21.0,Neutral,0,0
27,27.0,Non-binary,LinkedIn,55.0,1.0,9.0,2.0,11.0,Anxiety,0,0
28,27.0,Female,Instagram,160.0,6.0,85.0,19.0,32.0,Happiness,0,1
29,29.0,Male,Twitter,90.0,4.0,38.0,17.0,24.0,Anger,0,2
30,31.0,Non-binary,Facebook,45.0,1.0,6.0,3.0,10.0,Sadness,0,0
31,21.0,Female,LinkedIn,65.0,2.0,13.0,4.0,14.0,Boredom,0,0
32,28.0,Male,Instagram,145.0,5.0,75.0,20.0,35.0,Happiness,0,1
33,31.0,Non-binary,Twitter,70.0,3.0,27.0,11.0,18.0,Neutral,0,0
34,32.0,Female,Instagram,130.0,6.0,88.0,15.0,30.0,Sadness,0,1
35,27.0,Male,Facebook,65.0,2.0,22.0,8.0,20.0,Anxiety,0,0
36,28.0,Non-binary,LinkedIn,55.0,1.0,10.0,5.0,11.0,Boredom,0,0
37,28.0,Female,Instagram,170.0,7.0,90.0,25.0,40.0,Happiness,0,1
38,27.0,Male,Twitter,85.0,4.0,35.0,15.0,20.0,Anger,0,2
39,26.0,Female,Instagram,115.0,3.0,55.0,12.0,25.0,Neutral,0,2
40,35.0,Non-binary,Facebook,100.0,2.0,18.0,10.0,22.0,Anxiety,0,0
41,31.0,Male,LinkedIn,45.0,1.0,6.0,2.0,9.0,Sadness,0,0
42,26.0,Female,Instagram,150.0,6.0,80.0,18.0,30.0,Happiness,0,1
43,29.0,Male,Twitter,95.0,4.0,40.0,20.0,22.0,Anger,0,2
44,23.0,Non-binary,Facebook,105.0,2.0,20.0,8.0,18.0,Neutral,0,0
45,30.0,Female,LinkedIn,60.0,1.0,12.0,5.0,14.0,Boredom,0,0
46,29.0,Male,Instagram,175.0,7.0,85.0,23.0,38.0,Happiness,0,1
47,27.0,Female,Twitter,90.0,3.0,33.0,12.0,20.0,Sadness,0,2
48,34.0,Non-binary,Facebook,75.0,2.0,28.0,11.0,18.0,Anxiety,0,0
49,25.0,Male,Instagram,130.0,5.0,70.0,19.0,31.0,Neutral,0,2
50,23.0,Female,LinkedIn,55.0,1.0,8.0,4.0,10.0,Boredom,0,0
51,34.0,Male,Instagram,165.0,6.0,78.0,22.0,27.0,Happiness,0,1
52,28.0,Female,Twitter,75.0,3.0,29.0,15.0,19.0,Anger,0,2
53,23.0,Non-binary,Facebook,85.0,2.0,25.0,7.0,20.0,Neutral,0,0
54,24.0,Female,Instagram,145.0,4.0,60.0,18.0,35.0,Sadness,0,2
55,28.0,Male,LinkedIn,60.0,1.0,10.0,3.0,17.0,Anxiety,0,0
56,27.0,Female,Whatsapp,70.0,2.0,40.0,8.0,21.0,Anxiety,0,0
57,27.0,Male,Telegram,90.0,3.0,20.0,10.0,22.0,Boredom,0,0
58,28.0,Non-binary,Snapchat,50.0,2.0,15.0,5.0,18.0,Sadness,0,0
59,27.0,Female,Twitter,95.0,4.0,45.0,20.0,25.0,Happiness,0,2
60,25.0,Male,Facebook,60.0,1.0,10.0,4.0,15.0,Boredom,0,0
61,28.0,Female,Instagram,175.0,6.0,70.0,23.0,33.0,Happiness,0,1
62,27.0,Male,Whatsapp,70.0,3.0,20.0,8.0,18.0,Anger,0,0
63,27.0,Non-binary,Telegram,80.0,2.0,18.0,7.0,20.0,Neutral,0,0
64,29.0,Female,Snapchat,120.0,4.0,50.0,15.0,30.0,Anxiety,0,2
65,23.0,Male,Twitter,90.0,6.0,40.0,12.0,26.0,Sadness,0,2
66,23.0,Non-binary,Facebook,60.0,1.0,8.0,2.0,12.0,Boredom,0,0
67,23.0,Male,Instagram,165.0,5.0,75.0,18.0,35.0,Happiness,0,2
68,23.0,Female,Whatsapp,65.0,2.0,25.0,8.0,20.0,Neutral,0,0
69,26.0,Male,Telegram,105.0,3.0,45.0,15.0,28.0,Anxiety,0,2
70,27.0,Non-binary,Snapchat,75.0,2.0,18.0,6.0,20.0,Sadness,0,0
71,30.0,Female,Instagram,140.0,4.0,60.0,18.0,30.0,Happiness,0,2
72,35.0,Male,Twitter,70.0,1.0,12.0,7.0,10.0,Boredom,0,0
73,29.0,Non-binary,Facebook,55.0,3.0,15.0,5.0,12.0,Neutral,0,0
74,31.0,Female,Whatsapp,90.0,2.0,20.0,9.0,22.0,Anger,0,0
75,31.0,Male,Telegram,80.0,4.0,28.0,11.0,25.0,Neutral,0,2
76,27.0,Non-binary,Snapchat,115.0,3.0,36.0,12.0,27.0,Anxiety,0,2
77,22.0,Female,Instagram,155.0,6.0,72.0,20.0,38.0,Happiness,0,1
78,31.0,Male,Twitter,75.0,2.0,22.0,10.0,18.0,Sadness,0,0
79,26.0,Non-binary,Facebook,65.0,1.0,12.0,5.0,14.0,Anxiety,0,0
80,32.0,Female,Whatsapp,90.0,4.0,35.0,14.0,20.0,Neutral,0,2
81,26.0,Male,Telegram,50.0,2.0,18.0,6.0,12.0,Sadness,0,0
82,29.0,Non-binary,Snapchat,85.0,3.0,30.0,13.0,18.0,Happiness,0,2
83,21.0,Female,Instagram,120.0,5.0,55.0,19.0,25.0,Anger,0,2
84,22.0,Male,Twitter,70.0,1.0,20.0,5.0,22.0,Neutral,0,0
85,29.0,Non-binary,Facebook,75.0,2.0,18.0,8.0,20.0,Boredom,0,0
86,24.0,Female,Whatsapp,100.0,4.0,35.0,12.0,26.0,Anxiety,0,2
87,26.0,Male,Telegram,85.0,3.0,40.0,15.0,28.0,Sadness,0,2
88,28.0,Non-binary,Snapchat,60.0,1.0,15.0,5.0,12.0,Neutral,0,0
89,32.0,Female,Instagram,170.0,6.0,78.0,22.0,33.0,Happiness,0,1
90,30.0,Male,Twitter,70.0,2.0,28.0,10.0,20.0,Anxiety,0,0
91,28.0,Non-binary,Facebook,50.0,1.0,8.0,2.0,10.0,Boredom,0,0
92,33.0,Female,Whatsapp,105.0,4.0,50.0,18.0,25.0,Anger,0,2
93,23.0,Male,Telegram,75.0,3.0,33.0,13.0,22.0,Neutral,0,2
94,29.0,Female,Snapchat,95.0,2.0,20.0,7.0,28.0,Sadness,0,0
95,28.0,Male,Instagram,150.0,5.0,65.0,20.0,30.0,Anxiety,0,2
96,26.0,Non-binary,Twitter,85.0,4.0,30.0,13.0,18.0,Boredom,0,2
97,26.0,Female,Facebook,70.0,1.0,12.0,5.0,10.0,Neutral,0,0
98,27.0,Male,Whatsapp,110.0,3.0,45.0,20.0,25.0,Happiness,0,2
99,22.0,Non-binary,Telegram,60.0,2.0,15.0,6.0,18.0,Anger,0,0
100,33.0,Female,Snapchat,120.0,4.0,38.0,13.0,22.0,Neutral,0,2
101,24.0,Female,Instagram,120.0,5.0,50.0,20.0,25.0,Happiness,0,2
102,24.0,Male,Twitter,90.0,4.0,30.0,20.0,22.0,Anger,0,2
103,27.0,Non-binary,Facebook,60.0,2.0,20.0,10.0,15.0,Neutral,0,0
104,27.0,Female,Instagram,200.0,8.0,110.0,40.0,45.0,Anxiety,0,1
105,27.0,Male,LinkedIn,45.0,1.0,10.0,5.0,12.0,Boredom,0,0
106,27.0,Male,Instagram,150.0,5.0,65.0,25.0,30.0,Happiness,0,1
107,27.0,Female,Twitter,85.0,3.0,40.0,18.0,20.0,Anger,0,2
108,27.0,Non-binary,Facebook,110.0,6.0,35.0,16.0,25.0,Sadness,0,2
109,27.0,Female,LinkedIn,55.0,2.0,15.0,5.0,10.0,Neutral,0,0
110,27.0,Male,Instagram,170.0,7.0,90.0,35.0,40.0,Happiness,0,1
111,27.0,Female,Twitter,75.0,4.0,45.0,20.0,25.0,Anxiety,0,2
112,27.0,Non-binary,Facebook,95.0,3.0,30.0,14.0,18.0,Sadness,0,2
113,27.0,Male,LinkedIn,65.0,1.0,14.0,6.0,15.0,Boredom,0,0
114,27.0,Female,Instagram,180.0,8.0,100.0,38.0,45.0,Happiness,0,1
115,27.0,Male,Twitter,100.0,6.0,50.0,30.0,29.0,Anger,0,1
116,27.0,Non-binary,Facebook,40.0,1.0,10.0,4.0,12.0,Neutral,0,0
117,27.0,Female,Instagram,125.0,5.0,65.0,22.0,28.0,Anxiety,0,2
118,27.0,Male,Twitter,90.0,3.0,40.0,16.0,24.0,Sadness,0,2
119,27.0,Non-binary,LinkedIn,50.0,1.0,12.0,6.0,12.0,Neutral,0,0
120,27.0,Female,Instagram,140.0,6.0,75.0,28.0,30.0,Happiness,0,1
121,27.0,Male,Facebook,75.0,2.0,30.0,14.0,20.0,Anxiety,0,0
122,27.0,Female,Twitter,105.0,4.0,35.0,20.0,23.0,Anger,0,2
123,27.0,Male,LinkedIn,60.0,2.0,17.0,8.0,15.0,Boredom,0,0
124,27.0,Non-binary,Instagram,190.0,8.0,105.0,36.0,50.0,Happiness,0,1
125,27.0,Female,Twitter,70.0,3.0,25.0,16.0,15.0,Sadness,0,2
126,27.0,Male,Facebook,80.0,2.0,20.0,10.0,20.0,Neutral,0,0
127,27.0,Non-binary,LinkedIn,55.0,1.0,12.0,5.0,11.0,Anxiety,0,0
128,27.0,Female,Instagram,160.0,6.0,85.0,26.0,30.0,Happiness,0,1
129,27.0,Male,Twitter,90.0,4.0,43.0,19.0,24.0,Anger,0,2
130,27.0,Non-binary,Facebook,45.0,1.0,8.0,4.0,12.0,Sadness,0,0
131,27.0,Female,LinkedIn,65.0,2.0,17.0,5.0,14.0,Boredom,0,0
132,27.0,Male,Instagram,145.0,7.0,80.0,30.0,35.0,Happiness,0,1
133,27.0,Non-binary,Twitter,70.0,3.0,30.0,14.0,18.0,Neutral,0,2
134,27.0,Female,Instagram,130.0,6.0,95.0,22.0,28.0,Sadness,0,1
135,27.0,Male,Facebook,65.0,2.0,27.0,11.0,22.0,Anxiety,0,0
136,27.0,Non-binary,LinkedIn,55.0,1.0,11.0,6.0,11.0,Boredom,0,0
137,27.0,Female,Instagram,170.0,7.0,95.0,30.0,38.0,Happiness,0,1
138,27.0,Male,Twitter,85.0,4.0,45.0,18.0,24.0,Anger,0,2
139,27.0,Female,Instagram,115.0,3.0,60.0,17.0,30.0,Neutral,0,2
140,27.0,Non-binary,Facebook,100.0,2.0,22.0,12.0,25.0,Anxiety,0,0
141,27.0,Male,LinkedIn,45.0,1.0,9.0,4.0,10.0,Sadness,0,0
142,27.0,Female,Instagram,150.0,6.0,90.0,26.0,30.0,Happiness,0,1
143,27.0,Male,Twitter,95.0,4.0,50.0,22.0,22.0,Anger,0,2
144,27.0,Non-binary,Facebook,105.0,2.0,25.0,12.0,18.0,Neutral,0,0
145,27.0,Female,LinkedIn,60.0,1.0,15.0,7.0,14.0,Boredom,0,0
146,27.0,Male,Instagram,175.0,7.0,100.0,33.0,38.0,Happiness,0,1
147,27.0,Female,Twitter,90.0,3.0,37.0,14.0,20.0,Sadness,0,2
148,27.0,Non-binary,Facebook,75.0,2.0,30.0,12.0,18.0,Anxiety,0,0
149,27.0,Male,Instagram,130.0,5.0,80.0,28.0,31.0,Neutral,0,1
150,27.0,Female,LinkedIn,55.0,1.0,12.0,6.0,10.0,Boredom,0,0
151,27.0,Male,Instagram,165.0,6.0,85.0,30.0,28.0,Happiness,0,1
152,27.0,Female,Twitter,75.0,3.0,33.0,18.0,19.0,Anger,0,2
153,27.0,Non-binary,Facebook,85.0,2.0,27.0,9.0,20.0,Neutral,0,0
154,27.0,Female,Instagram,145.0,4.0,65.0,23.0,35.0,Sadness,0,2
155,27.0,Male,LinkedIn,60.0,1.0,15.0,7.0,17.0,Anxiety,0,0
156,27.0,Female,Whatsapp,70.0,2.0,42.0,10.0,21.0,Anxiety,0,0
157,27.0,Male,Telegram,90.0,3.0,22.0,11.0,22.0,Boredom,0,0
158,27.0,Non-binary,Snapchat,50.0,2.0,18.0,7.0,18.0,Sadness,0,0
159,27.0,Female,Twitter,95.0,4.0,48.0,22.0,25.0,Happiness,0,2
160,27.0,Male,Facebook,60.0,1.0,12.0,5.0,15.0,Boredom,0,0
161,27.0,Female,Instagram,175.0,6.0,72.0,30.0,33.0,Happiness,0,1
162,27.0,Male,Whatsapp,70.0,3.0,22.0,10.0,18.0,Anger,0,0
163,27.0,Non-binary,Telegram,80.0,2.0,21.0,8.0,20.0,Neutral,0,0
164,27.0,Female,Snapchat,120.0,4.0,55.0,18.0,30.0,Anxiety,0,2
165,27.0,Male,Twitter,90.0,6.0,42.0,14.0,26.0,Sadness,0,2
166,27.0,Non-binary,Facebook,60.0,1.0,12.0,4.0,12.0,Boredom,0,0
167,27.0,Male,Instagram,165.0,5.0,78.0,23.0,35.0,Happiness,0,1
168,27.0,Female,Whatsapp,65.0,2.0,27.0,10.0,20.0,Neutral,0,0
169,27.0,Male,Telegram,105.0,3.0,48.0,20.0,28.0,Anxiety,0,2
170,27.0,Non-binary,Snapchat,75.0,2.0,21.0,8.0,20.0,Sadness,0,0
171,27.0,Female,Instagram,140.0,4.0,65.0,22.0,30.0,Happiness,0,2
172,27.0,Male,Twitter,70.0,1.0,13.0,8.0,10.0,Boredom,0,0
173,27.0,Non-binary,Facebook,55.0,3.0,17.0,7.0,12.0,Neutral,0,0
174,27.0,Female,Whatsapp,90.0,2.0,24.0,12.0,22.0,Anger,0,0
175,27.0,Male,Telegram,80.0,4.0,30.0,13.0,25.0,Neutral,0,2
176,27.0,Non-binary,Snapchat,115.0,3.0,38.0,18.0,27.0,Anxiety,0,2
177,27.0,Female,Instagram,155.0,6.0,75.0,25.0,38.0,Happiness,0,1
178,27.0,Male,Twitter,75.0,2.0,23.0,12.0,18.0,Sadness,0,0
179,27.0,Non-binary,Facebook,65.0,1.0,13.0,7.0,14.0,Anxiety,0,0
180,27.0,Female,Whatsapp,90.0,4.0,37.0,18.0,20.0,Neutral,0,2
181,27.0,Male,Telegram,50.0,2.0,20.0,10.0,12.0,Sadness,0,0
182,27.0,Non-binary,Snapchat,85.0,3.0,33.0,20.0,18.0,Happiness,0,2
183,27.0,Female,Instagram,120.0,5.0,60.0,25.0,25.0,Anger,0,2
184,27.0,Male,Twitter,70.0,1.0,22.0,7.0,22.0,Neutral,0,0
185,27.0,Non-binary,Facebook,75.0,2.0,20.0,8.0,20.0,Boredom,0,0
186,27.0,Female,Whatsapp,100.0,4.0,37.0,14.0,26.0,Anxiety,0,2
187,27.0,Male,Telegram,85.0,3.0,45.0,20.0,28.0,Sadness,0,2
188,27.0,Non-binary,Snapchat,60.0,1.0,18.0,7.0,12.0,Neutral,0,0
189,27.0,Female,Instagram,170.0,6.0,83.0,30.0,33.0,Happiness,0,1
190,27.0,Male,Twitter,70.0,2.0,30.0,12.0,20.0,Anxiety,0,0
191,27.0,Non-binary,Facebook,50.0,1.0,10.0,4.0,10.0,Boredom,0,0
192,27.0,Female,Whatsapp,105.0,4.0,55.0,25.0,25.0,Anger,0,2
193,27.0,Male,Telegram,75.0,3.0,37.0,16.0,22.0,Neutral,0,2
194,27.0,Female,Snapchat,95.0,2.0,23.0,10.0,28.0,Sadness,0,0
195,27.0,Male,Instagram,150.0,5.0,70.0,25.0,30.0,Anxiety,0,1
196,27.0,Non-binary,Twitter,85.0,4.0,35.0,18.0,18.0,Boredom,0,2
197,27.0,Female,Facebook,70.0,1.0,14.0,6.0,10.0,Neutral,0,0
198,27.0,Male,Whatsapp,110.0,3.0,50.0,25.0,25.0,Happiness,0,2
199,27.0,Non-binary,Telegram,60.0,2.0,18.0,8.0,18.0,Anger,0,0
200,27.0,Female,Snapchat,120.0,4.0,40.0,18.0,22.0,Neutral,0,2
201,27.0,Female,Instagram,120.0,5.0,50.0,20.0,25.0,Happiness,0,2
202,27.0,Male,Twitter,90.0,4.0,30.0,20.0,22.0,Anger,0,2
203,27.0,Non-binary,Facebook,60.0,2.0,20.0,10.0,15.0,Neutral,0,0
204,27.0,Female,Instagram,200.0,8.0,110.0,40.0,45.0,Anxiety,0,1
205,27.0,Male,LinkedIn,45.0,1.0,10.0,5.0,12.0,Boredom,0,0
206,27.0,Male,Instagram,150.0,5.0,65.0,25.0,30.0,Happiness,0,1
207,27.0,Female,Twitter,85.0,3.0,40.0,18.0,20.0,Anger,0,2
208,27.0,Non-binary,Facebook,110.0,6.0,35.0,16.0,25.0,Sadness,0,2
209,27.0,Female,LinkedIn,55.0,2.0,15.0,5.0,10.0,Neutral,0,0
210,27.0,Male,Instagram,170.0,7.0,90.0,35.0,40.0,Happiness,0,1
211,27.0,Female,Twitter,75.0,4.0,45.0,20.0,25.0,Anxiety,0,2
212,27.0,Non-binary,Facebook,95.0,3.0,30.0,14.0,18.0,Sadness,0,2
213,27.0,Male,LinkedIn,65.0,1.0,14.0,6.0,15.0,Boredom,0,0
214,27.0,Female,Instagram,180.0,8.0,100.0,38.0,45.0,Happiness,0,1
215,27.0,Male,Twitter,100.0,6.0,50.0,30.0,29.0,Anger,0,1
216,27.0,Non-binary,Facebook,40.0,1.0,10.0,4.0,12.0,Neutral,0,0
217,27.0,Female,Instagram,125.0,5.0,65.0,22.0,28.0,Anxiety,0,2
218,27.0,Male,Twitter,90.0,3.0,40.0,16.0,24.0,Sadness,0,2
219,27.0,Non-binary,LinkedIn,50.0,1.0,12.0,6.0,12.0,Neutral,0,0
220,27.0,Female,Instagram,140.0,6.0,75.0,28.0,30.0,Happiness,0,1
221,27.0,Male,Facebook,75.0,2.0,30.0,14.0,20.0,Anxiety,0,0
222,27.0,Female,Twitter,105.0,4.0,35.0,20.0,23.0,Anger,0,2
223,27.0,Male,LinkedIn,60.0,2.0,17.0,8.0,15.0,Boredom,0,0
224,27.0,Non-binary,Instagram,190.0,8.0,105.0,36.0,50.0,Happiness,0,1
225,27.0,Female,Twitter,70.0,3.0,25.0,16.0,15.0,Sadness,0,2
226,27.0,Male,Facebook,80.0,2.0,20.0,10.0,20.0,Neutral,0,0
227,27.0,Non-binary,LinkedIn,55.0,1.0,12.0,5.0,11.0,Anxiety,0,0
228,27.0,Female,Instagram,160.0,6.0,85.0,26.0,30.0,Happiness,0,1
229,27.0,Male,Twitter,90.0,4.0,43.0,19.0,24.0,Anger,0,2
230,27.0,Non-binary,Facebook,45.0,1.0,8.0,4.0,12.0,Sadness,0,0
231,27.0,Female,LinkedIn,65.0,2.0,17.0,5.0,14.0,Boredom,0,0
232,27.0,Male,Instagram,145.0,7.0,80.0,30.0,35.0,Happiness,0,1
233,27.0,Non-binary,Twitter,70.0,3.0,30.0,14.0,18.0,Neutral,0,2
234,27.0,Female,Instagram,130.0,6.0,95.0,22.0,28.0,Sadness,0,1
235,27.0,Male,Facebook,65.0,2.0,27.0,11.0,22.0,Anxiety,0,0
236,27.0,Non-binary,LinkedIn,55.0,1.0,11.0,6.0,11.0,Boredom,0,0
237,27.0,Female,Instagram,170.0,7.0,95.0,30.0,38.0,Happiness,0,1
238,27.0,Male,Twitter,85.0,4.0,45.0,18.0,24.0,Anger,0,2
239,27.0,Female,Instagram,115.0,3.0,60.0,17.0,30.0,Neutral,0,2
240,27.0,Non-binary,Facebook,100.0,2.0,22.0,12.0,25.0,Anxiety,0,0
241,27.0,Male,LinkedIn,45.0,1.0,9.0,4.0,10.0,Sadness,0,0
242,27.0,Female,Instagram,150.0,6.0,90.0,26.0,30.0,Happiness,0,1
243,27.0,Male,Twitter,95.0,4.0,50.0,22.0,22.0,Anger,0,2
244,27.0,Non-binary,Facebook,105.0,2.0,25.0,12.0,18.0,Neutral,0,0
245,27.0,Female,LinkedIn,60.0,1.0,15.0,7.0,14.0,Boredom,0,0
246,27.0,Male,Instagram,175.0,7.0,100.0,33.0,38.0,Happiness,0,1
247,27.0,Female,Twitter,90.0,3.0,37.0,14.0,20.0,Sadness,0,2
248,27.0,Non-binary,Facebook,75.0,2.0,30.0,12.0,18.0,Anxiety,0,0
249,27.0,Male,Instagram,130.0,5.0,80.0,28.0,31.0,Neutral,0,1
250,27.0,Female,LinkedIn,55.0,1.0,12.0,6.0,10.0,Boredom,0,0
289,27.0,Female,Instagram,170.0,6.0,83.0,30.0,33.0,Happiness,0,1
290,27.0,Male,Twitter,70.0,2.0,30.0,12.0,20.0,Anxiety,0,0
291,27.0,Non-binary,Facebook,50.0,1.0,10.0,4.0,10.0,Boredom,0,0
292,27.0,Female,Whatsapp,105.0,4.0,55.0,25.0,25.0,Anger,0,2
293,27.0,Male,Telegram,75.0,3.0,37.0,16.0,22.0,Neutral,0,2
294,27.0,Female,Snapchat,95.0,2.0,23.0,10.0,28.0,Sadness,0,0
295,27.0,Male,Instagram,150.0,5.0,70.0,25.0,30.0,Anxiety,0,1
296,27.0,Non-binary,Twitter,85.0,4.0,35.0,18.0,18.0,Boredom,0,2
297,27.0,Female,Facebook,70.0,1.0,14.0,6.0,10.0,Neutral,0,0
298,27.0,Male,Whatsapp,110.0,3.0,50.0,25.0,25.0,Happiness,0,2
299,27.0,Non-binary,Telegram,60.0,2.0,18.0,8.0,18.0,Anger,0,0
300,27.0,Female,Snapchat,120.0,4.0,40.0,18.0,22.0,Neutral,0,2
301,27.0,Female,Instagram,120.0,5.0,50.0,20.0,25.0,Happiness,0,2
302,27.0,Male,Twitter,90.0,4.0,30.0,20.0,22.0,Anger,0,2
303,27.0,Non-binary,Facebook,60.0,2.0,20.0,10.0,15.0,Neutral,0,0
304,27.0,Female,Instagram,200.0,8.0,110.0,40.0,45.0,Anxiety,0,1
305,27.0,Male,LinkedIn,45.0,1.0,10.0,5.0,12.0,Boredom,0,0
306,27.0,Male,Instagram,150.0,5.0,65.0,25.0,30.0,Happiness,0,1
307,27.0,Female,Twitter,85.0,3.0,40.0,18.0,20.0,Anger,0,2
308,27.0,Non-binary,Facebook,110.0,6.0,35.0,16.0,25.0,Sadness,0,2
309,27.0,Female,LinkedIn,55.0,2.0,15.0,5.0,10.0,Neutral,0,0
310,27.0,Male,Instagram,170.0,7.0,90.0,35.0,40.0,Happiness,0,1
311,27.0,Female,Twitter,75.0,4.0,45.0,20.0,25.0,Anxiety,0,2
312,27.0,Non-binary,Facebook,95.0,3.0,30.0,14.0,18.0,Sadness,0,2
313,27.0,Male,LinkedIn,65.0,1.0,14.0,6.0,15.0,Boredom,0,0
314,27.0,Female,Instagram,180.0,8.0,100.0,38.0,45.0,Happiness,0,1
315,27.0,Male,Twitter,100.0,6.0,50.0,30.0,29.0,Anger,0,1
316,27.0,Non-binary,Facebook,40.0,1.0,10.0,4.0,12.0,Neutral,0,0
317,27.0,Female,Instagram,125.0,5.0,65.0,22.0,28.0,Anxiety,0,2
318,27.0,Male,Twitter,90.0,3.0,40.0,16.0,24.0,Sadness,0,2
319,27.0,Non-binary,LinkedIn,50.0,1.0,12.0,6.0,12.0,Neutral,0,0
320,27.0,Female,Instagram,140.0,6.0,75.0,28.0,30.0,Happiness,0,1
321,27.0,Male,Facebook,75.0,2.0,30.0,14.0,20.0,Anxiety,0,0
322,27.0,Female,Twitter,105.0,4.0,35.0,20.0,23.0,Anger,0,2
323,27.0,Male,LinkedIn,60.0,2.0,17.0,8.0,15.0,Boredom,0,0
324,27.0,Non-binary,Instagram,190.0,8.0,105.0,36.0,50.0,Happiness,0,1
325,27.0,Female,Twitter,70.0,3.0,25.0,16.0,15.0,Sadness,0,2
326,27.0,Male,Facebook,80.0,2.0,20.0,10.0,20.0,Neutral,0,0
327,27.0,Non-binary,LinkedIn,55.0,1.0,12.0,5.0,11.0,Anxiety,0,0
328,27.0,Female,Instagram,160.0,6.0,85.0,26.0,30.0,Happiness,0,1
329,27.0,Male,Twitter,90.0,4.0,43.0,19.0,24.0,Anger,0,2
330,27.0,Non-binary,Facebook,45.0,1.0,8.0,4.0,12.0,Sadness,0,0
331,27.0,Female,LinkedIn,65.0,2.0,17.0,5.0,14.0,Boredom,0,0
332,27.0,Male,Instagram,145.0,7.0,80.0,30.0,35.0,Happiness,0,1
333,27.0,Non-binary,Twitter,70.0,3.0,30.0,14.0,18.0,Neutral,0,2
334,27.0,Female,Instagram,130.0,6.0,95.0,22.0,28.0,Sadness,0,1
335,27.0,Male,Facebook,65.0,2.0,27.0,11.0,22.0,Anxiety,0,0
336,27.0,Non-binary,LinkedIn,55.0,1.0,11.0,6.0,11.0,Boredom,0,0
337,27.0,Female,Instagram,170.0,7.0,95.0,30.0,38.0,Happiness,0,1
338,27.0,Male,Twitter,85.0,4.0,45.0,18.0,24.0,Anger,0,2
339,27.0,Female,Instagram,115.0,3.0,60.0,17.0,30.0,Neutral,0,2
340,27.0,Non-binary,Facebook,100.0,2.0,22.0,12.0,25.0,Anxiety,0,0
341,27.0,Male,LinkedIn,45.0,1.0,9.0,4.0,10.0,Sadness,0,0
342,27.0,Female,Instagram,150.0,6.0,90.0,26.0,30.0,Happiness,0,1
343,27.0,Male,Twitter,95.0,4.0,50.0,22.0,22.0,Anger,0,2
344,27.0,Non-binary,Facebook,105.0,2.0,25.0,12.0,18.0,Neutral,0,0
345,27.0,Female,LinkedIn,60.0,1.0,15.0,7.0,14.0,Boredom,0,0
346,27.0,Male,Instagram,175.0,7.0,100.0,33.0,38.0,Happiness,0,1
347,27.0,Female,Twitter,90.0,3.0,37.0,14.0,20.0,Sadness,0,2
348,27.0,Non-binary,Facebook,75.0,2.0,30.0,12.0,18.0,Anxiety,0,0
349,27.0,Male,Instagram,130.0,5.0,80.0,28.0,31.0,Neutral,0,1
350,27.0,Female,LinkedIn,55.0,1.0,12.0,6.0,10.0,Boredom,0,0
351,27.0,Male,Instagram,165.0,6.0,85.0,30.0,28.0,Happiness,0,1
352,27.0,Female,Twitter,75.0,3.0,33.0,18.0,19.0,Anger,0,2
353,27.0,Non-binary,Facebook,85.0,2.0,27.0,9.0,20.0,Neutral,0,0
354,27.0,Female,Instagram,145.0,4.0,65.0,23.0,35.0,Sadness,0,2
355,27.0,Male,LinkedIn,60.0,1.0,15.0,7.0,17.0,Anxiety,0,0
356,27.0,Female,Whatsapp,70.0,2.0,42.0,10.0,21.0,Anxiety,0,0
357,27.0,Male,Telegram,90.0,3.0,22.0,11.0,22.0,Boredom,0,0
358,27.0,Non-binary,Snapchat,50.0,2.0,18.0,7.0,18.0,Sadness,0,0
359,27.0,Female,Twitter,95.0,4.0,48.0,22.0,25.0,Happiness,0,2
360,27.0,Male,Facebook,60.0,1.0,12.0,5.0,15.0,Boredom,0,0
361,27.0,Female,Instagram,175.0,6.0,72.0,30.0,33.0,Happiness,0,1
362,27.0,Male,Whatsapp,70.0,3.0,22.0,10.0,18.0,Anger,0,0
363,27.0,Non-binary,Telegram,80.0,2.0,21.0,8.0,20.0,Neutral,0,0
364,27.0,Female,Snapchat,120.0,4.0,55.0,18.0,30.0,Anxiety,0,2
365,27.0,Male,Twitter,90.0,6.0,42.0,14.0,26.0,Sadness,0,2
366,27.0,Non-binary,Facebook,60.0,1.0,12.0,4.0,12.0,Boredom,0,0
367,27.0,Male,Instagram,165.0,5.0,78.0,23.0,35.0,Happiness,0,1
368,27.0,Female,Whatsapp,65.0,2.0,27.0,10.0,20.0,Neutral,0,0
369,27.0,Male,Telegram,105.0,3.0,48.0,20.0,28.0,Anxiety,0,2
370,27.0,Non-binary,Snapchat,75.0,2.0,21.0,8.0,20.0,Sadness,0,0
371,27.0,Female,Instagram,140.0,4.0,65.0,22.0,30.0,Happiness,0,2
372,27.0,Male,Twitter,70.0,1.0,13.0,8.0,10.0,Boredom,0,0
373,27.0,Non-binary,Facebook,55.0,3.0,17.0,7.0,12.0,Neutral,0,0
374,27.0,Female,Whatsapp,90.0,2.0,24.0,12.0,22.0,Anger,0,0
375,27.0,Male,Telegram,80.0,4.0,30.0,13.0,25.0,Neutral,0,2
376,27.0,Non-binary,Snapchat,115.0,3.0,38.0,18.0,27.0,Anxiety,0,2
377,27.0,Female,Instagram,155.0,6.0,75.0,25.0,38.0,Happiness,0,1
378,27.0,Male,Twitter,75.0,2.0,23.0,12.0,18.0,Sadness,0,0
379,27.0,Non-binary,Facebook,65.0,1.0,13.0,7.0,14.0,Anxiety,0,0
380,27.0,Female,Whatsapp,90.0,4.0,37.0,18.0,20.0,Neutral,0,2
381,27.0,Male,Telegram,50.0,2.0,20.0,10.0,12.0,Sadness,0,0
382,27.0,Non-binary,Snapchat,85.0,3.0,33.0,20.0,18.0,Happiness,0,2
383,27.0,Female,Instagram,120.0,5.0,60.0,25.0,25.0,Anger,0,2
384,27.0,Male,Twitter,70.0,1.0,22.0,7.0,22.0,Neutral,0,0
385,27.0,Non-binary,Facebook,75.0,2.0,20.0,8.0,20.0,Boredom,0,0
386,27.0,Female,Whatsapp,100.0,4.0,37.0,14.0,26.0,Anxiety,0,2
387,27.0,Male,Telegram,85.0,3.0,45.0,20.0,28.0,Sadness,0,2
388,27.0,Non-binary,Snapchat,60.0,1.0,18.0,7.0,12.0,Neutral,0,0
389,27.0,Female,Instagram,170.0,6.0,83.0,30.0,33.0,Happiness,0,1
390,27.0,Male,Twitter,70.0,2.0,30.0,12.0,20.0,Anxiety,0,0
391,27.0,Non-binary,Facebook,50.0,1.0,10.0,4.0,10.0,Boredom,0,0
392,27.0,Female,Whatsapp,105.0,4.0,55.0,25.0,25.0,Anger,0,2
393,27.0,Male,Telegram,75.0,3.0,37.0,16.0,22.0,Neutral,0,2
394,27.0,Female,Snapchat,95.0,2.0,23.0,10.0,28.0,Sadness,0,0
395,27.0,Male,Instagram,150.0,5.0,70.0,25.0,30.0,Anxiety,0,1
396,27.0,Non-binary,Twitter,85.0,4.0,35.0,18.0,18.0,Boredom,0,2
397,27.0,Female,Facebook,70.0,1.0,14.0,6.0,10.0,Neutral,0,0
398,27.0,Male,Whatsapp,110.0,3.0,50.0,25.0,25.0,Happiness,0,2
399,27.0,Non-binary,Telegram,60.0,2.0,18.0,8.0,18.0,Anger,0,0
400,27.0,Female,Snapchat,120.0,4.0,40.0,18.0,22.0,Neutral,0,2
401,27.0,Female,Instagram,120.0,5.0,50.0,20.0,25.0,Happiness,0,2
402,27.0,Male,Twitter,90.0,4.0,30.0,20.0,22.0,Anger,0,2
403,27.0,Non-binary,Facebook,60.0,2.0,20.0,10.0,15.0,Neutral,0,0
404,27.0,Female,Instagram,200.0,8.0,110.0,40.0,45.0,Anxiety,0,1
405,27.0,Male,LinkedIn,45.0,1.0,10.0,5.0,12.0,Boredom,0,0
406,27.0,Male,Instagram,150.0,5.0,65.0,25.0,30.0,Happiness,0,1
407,27.0,Female,Twitter,85.0,3.0,40.0,18.0,20.0,Anger,0,2
408,27.0,Non-binary,Facebook,110.0,6.0,35.0,16.0,25.0,Sadness,0,2
409,27.0,Female,LinkedIn,55.0,2.0,15.0,5.0,10.0,Neutral,0,0
410,27.0,Male,Instagram,170.0,7.0,90.0,35.0,40.0,Happiness,0,1
411,27.0,Female,Twitter,75.0,4.0,45.0,20.0,25.0,Anxiety,0,2
412,27.0,Non-binary,Facebook,95.0,3.0,30.0,14.0,18.0,Sadness,0,2
413,27.0,Male,LinkedIn,65.0,1.0,14.0,6.0,15.0,Boredom,0,0
414,27.0,Female,Instagram,180.0,8.0,100.0,38.0,45.0,Happiness,0,1
415,27.0,Male,Twitter,100.0,6.0,50.0,30.0,29.0,Anger,0,1
416,27.0,Non-binary,Facebook,40.0,1.0,10.0,4.0,12.0,Neutral,0,0
417,27.0,Female,Instagram,125.0,5.0,65.0,22.0,28.0,Anxiety,0,2
418,27.0,Male,Twitter,90.0,3.0,40.0,16.0,24.0,Sadness,0,2
419,27.0,Non-binary,LinkedIn,50.0,1.0,12.0,6.0,12.0,Neutral,0,0
420,27.0,Female,Instagram,140.0,6.0,75.0,28.0,30.0,Happiness,0,1
421,27.0,Male,Facebook,75.0,2.0,30.0,14.0,20.0,Anxiety,0,0
422,27.0,Female,Twitter,105.0,4.0,35.0,20.0,23.0,Anger,0,2
423,27.0,Male,LinkedIn,60.0,2.0,17.0,8.0,15.0,Boredom,0,0
424,27.0,Non-binary,Instagram,190.0,8.0,105.0,36.0,50.0,Happiness,0,1
425,27.0,Female,Twitter,70.0,3.0,25.0,16.0,15.0,Sadness,0,2
426,27.0,Male,Facebook,80.0,2.0,20.0,10.0,20.0,Neutral,0,0
427,27.0,Non-binary,LinkedIn,55.0,1.0,12.0,5.0,11.0,Anxiety,0,0
428,27.0,Female,Instagram,160.0,6.0,85.0,26.0,30.0,Happiness,0,1
429,27.0,Male,Twitter,90.0,4.0,43.0,19.0,24.0,Anger,0,2
430,27.0,Non-binary,Facebook,45.0,1.0,8.0,4.0,12.0,Sadness,0,0
431,27.0,Female,LinkedIn,65.0,2.0,17.0,5.0,14.0,Boredom,0,0
432,27.0,Male,Instagram,145.0,7.0,80.0,30.0,35.0,Happiness,0,1
433,27.0,Non-binary,Twitter,70.0,3.0,30.0,14.0,18.0,Neutral,0,2
434,27.0,Female,Instagram,130.0,6.0,95.0,22.0,28.0,Sadness,0,1
435,27.0,Male,Facebook,65.0,2.0,27.0,11.0,22.0,Anxiety,0,0
436,27.0,Non-binary,LinkedIn,55.0,1.0,11.0,6.0,11.0,Boredom,0,0
437,27.0,Female,Instagram,170.0,7.0,95.0,30.0,38.0,Happiness,0,1
438,27.0,Male,Twitter,85.0,4.0,45.0,18.0,24.0,Anger,0,2
439,27.0,Female,Instagram,115.0,3.0,60.0,17.0,30.0,Neutral,0,2
440,27.0,Non-binary,Facebook,100.0,2.0,22.0,12.0,25.0,Anxiety,0,0
441,27.0,Male,LinkedIn,45.0,1.0,9.0,4.0,10.0,Sadness,0,0
442,27.0,Female,Instagram,150.0,6.0,90.0,26.0,30.0,Happiness,0,1
443,27.0,Male,Twitter,95.0,4.0,50.0,22.0,22.0,Anger,0,2
444,27.0,Non-binary,Facebook,105.0,2.0,25.0,12.0,18.0,Neutral,0,0
445,27.0,Female,LinkedIn,60.0,1.0,15.0,7.0,14.0,Boredom,0,0
446,27.0,Male,Instagram,175.0,7.0,100.0,33.0,38.0,Happiness,0,1
447,27.0,Female,Twitter,90.0,3.0,37.0,14.0,20.0,Sadness,0,2
448,27.0,Non-binary,Facebook,75.0,2.0,30.0,12.0,18.0,Anxiety,0,0
449,27.0,Male,Instagram,130.0,5.0,80.0,28.0,31.0,Neutral,0,1
450,27.0,Female,LinkedIn,55.0,1.0,12.0,6.0,10.0,Boredom,0,0
451,27.0,Male,Instagram,165.0,6.0,85.0,30.0,28.0,Happiness,0,1
452,27.0,Female,Twitter,75.0,3.0,33.0,18.0,19.0,Anger,0,2
453,27.0,Non-binary,Facebook,85.0,2.0,27.0,9.0,20.0,Neutral,0,0
454,27.0,Female,Instagram,145.0,4.0,65.0,23.0,35.0,Sadness,0,2
455,27.0,Male,LinkedIn,60.0,1.0,15.0,7.0,17.0,Anxiety,0,0
456,27.0,Female,Whatsapp,70.0,2.0,42.0,10.0,21.0,Anxiety,0,0
457,27.0,Male,Telegram,90.0,3.0,22.0,11.0,22.0,Boredom,0,0
458,27.0,Non-binary,Snapchat,50.0,2.0,18.0,7.0,18.0,Sadness,0,0
459,27.0,Female,Twitter,95.0,4.0,48.0,22.0,25.0,Happiness,0,2
460,27.0,Male,Facebook,60.0,1.0,12.0,5.0,15.0,Boredom,0,0
461,27.0,Female,Instagram,175.0,6.0,72.0,30.0,33.0,Happiness,0,1
462,27.0,Male,Whatsapp,70.0,3.0,22.0,10.0,18.0,Anger,0,0
463,27.0,Non-binary,Telegram,80.0,2.0,21.0,8.0,20.0,Neutral,0,0
464,27.0,Female,Snapchat,120.0,4.0,55.0,18.0,30.0,Anxiety,0,2
465,27.0,Male,Twitter,90.0,6.0,42.0,14.0,26.0,Sadness,0,2
466,27.0,Non-binary,Facebook,60.0,1.0,12.0,4.0,12.0,Boredom,0,0
467,27.0,Male,Instagram,165.0,5.0,78.0,23.0,35.0,Happiness,0,1
468,27.0,Female,Whatsapp,65.0,2.0,27.0,10.0,20.0,Neutral,0,0
469,27.0,Male,Telegram,105.0,3.0,48.0,20.0,28.0,Anxiety,0,2
470,27.0,Non-binary,Snapchat,75.0,2.0,21.0,8.0,20.0,Sadness,0,0
471,27.0,Female,Instagram,140.0,4.0,65.0,22.0,30.0,Happiness,0,2
472,27.0,Male,Twitter,70.0,1.0,13.0,8.0,10.0,Boredom,0,0
473,27.0,Non-binary,Facebook,55.0,3.0,17.0,7.0,12.0,Neutral,0,0
474,27.0,Female,Whatsapp,90.0,2.0,24.0,12.0,22.0,Anger,0,0
475,27.0,Male,Telegram,80.0,4.0,30.0,13.0,25.0,Neutral,0,2
476,27.0,Non-binary,Snapchat,115.0,3.0,38.0,18.0,27.0,Anxiety,0,2
477,27.0,Female,Instagram,155.0,6.0,75.0,25.0,38.0,Happiness,0,1
478,27.0,Male,Twitter,75.0,2.0,23.0,12.0,18.0,Sadness,0,0
479,27.0,Non-binary,Facebook,65.0,1.0,13.0,7.0,14.0,Anxiety,0,0
480,27.0,Female,Whatsapp,90.0,4.0,37.0,18.0,20.0,Neutral,0,2
481,27.0,Male,Telegram,50.0,2.0,20.0,10.0,12.0,Sadness,0,0
482,27.0,Non-binary,Snapchat,85.0,3.0,33.0,20.0,18.0,Happiness,0,2
483,27.0,Female,Instagram,120.0,5.0,60.0,25.0,25.0,Anger,0,2
484,27.0,Male,Twitter,70.0,1.0,22.0,7.0,22.0,Neutral,0,0
485,27.0,Non-binary,Facebook,75.0,2.0,20.0,8.0,20.0,Boredom,0,0
486,27.0,Female,Whatsapp,100.0,4.0,37.0,14.0,26.0,Anxiety,0,2
487,27.0,Male,Telegram,85.0,3.0,45.0,20.0,28.0,Sadness,0,2
488,27.0,Non-binary,Snapchat,60.0,1.0,18.0,7.0,12.0,Neutral,0,0
489,27.0,Female,Instagram,170.0,6.0,83.0,30.0,33.0,Happiness,0,1
490,27.0,Male,Twitter,70.0,2.0,30.0,12.0,20.0,Anxiety,0,0
491,27.0,Non-binary,Facebook,50.0,1.0,10.0,4.0,10.0,Boredom,0,0
492,27.0,Female,Whatsapp,105.0,4.0,55.0,25.0,25.0,Anger,0,2
493,27.0,Male,Telegram,75.0,3.0,37.0,16.0,22.0,Neutral,0,2
494,27.0,Female,Snapchat,95.0,2.0,23.0,10.0,28.0,Sadness,0,0
495,27.0,Male,Instagram,150.0,5.0,70.0,25.0,30.0,Anxiety,0,1
496,27.0,Non-binary,Twitter,85.0,4.0,35.0,18.0,18.0,Boredom,0,2
497,27.0,Female,Facebook,70.0,1.0,14.0,6.0,10.0,Neutral,0,0
498,27.0,Male,Whatsapp,110.0,3.0,50.0,25.0,25.0,Happiness,0,2
499,27.0,Non-binary,Telegram,60.0,2.0,18.0,8.0,18.0,Anger,0,0
500,27.0,Female,Snapchat,120.0,4.0,40.0,18.0,22.0,Neutral,0,2
501,27.0,Female,Instagram,120.0,5.0,50.0,20.0,25.0,Happiness,0,2
502,27.0,Male,Twitter,90.0,4.0,30.0,20.0,22.0,Anger,0,2
503,27.0,Non-binary,Facebook,60.0,2.0,20.0,10.0,15.0,Neutral,0,0
504,27.0,Female,Instagram,200.0,8.0,110.0,40.0,45.0,Anxiety,0,1
505,27.0,Male,LinkedIn,45.0,1.0,10.0,5.0,12.0,Boredom,0,0
506,27.0,Male,Instagram,150.0,5.0,65.0,25.0,30.0,Happiness,0,1
507,27.0,Female,Twitter,85.0,3.0,40.0,18.0,20.0,Anger,0,2
508,27.0,Non-binary,Facebook,110.0,6.0,35.0,16.0,25.0,Sadness,0,2
509,27.0,Female,LinkedIn,55.0,2.0,15.0,5.0,10.0,Neutral,0,0
510,27.0,Male,Instagram,170.0,7.0,90.0,35.0,40.0,Happiness,0,1
511,27.0,Female,Twitter,75.0,4.0,45.0,20.0,25.0,Anxiety,0,2
512,27.0,Non-binary,Facebook,95.0,3.0,30.0,14.0,18.0,Sadness,0,2
513,27.0,Male,LinkedIn,65.0,1.0,14.0,6.0,15.0,Boredom,0,0
514,27.0,Female,Instagram,180.0,8.0,100.0,38.0,45.0,Happiness,0,1
515,27.0,Male,Twitter,100.0,6.0,50.0,30.0,29.0,Anger,0,1
516,27.0,Non-binary,Facebook,40.0,1.0,10.0,4.0,12.0,Neutral,0,0
517,27.0,Female,Instagram,125.0,5.0,65.0,22.0,28.0,Anxiety,0,2
518,27.0,Male,Twitter,90.0,3.0,40.0,16.0,24.0,Sadness,0,2
519,27.0,Non-binary,LinkedIn,50.0,1.0,12.0,6.0,12.0,Neutral,0,0
520,27.0,Female,Instagram,140.0,6.0,75.0,28.0,30.0,Happiness,0,1
521,27.0,Male,Facebook,75.0,2.0,30.0,14.0,20.0,Anxiety,0,0
522,27.0,Female,Twitter,105.0,4.0,35.0,20.0,23.0,Anger,0,2
523,27.0,Male,LinkedIn,60.0,2.0,17.0,8.0,15.0,Boredom,0,0
524,27.0,Non-binary,Instagram,190.0,8.0,105.0,36.0,50.0,Happiness,0,1
525,27.0,Female,Twitter,70.0,3.0,25.0,16.0,15.0,Sadness,0,2
526,27.0,Male,Facebook,80.0,2.0,20.0,10.0,20.0,Neutral,0,0
527,27.0,Non-binary,LinkedIn,55.0,1.0,12.0,5.0,11.0,Anxiety,0,0
528,27.0,Female,Instagram,160.0,6.0,85.0,26.0,30.0,Happiness,0,1
529,27.0,Male,Twitter,90.0,4.0,43.0,19.0,24.0,Anger,0,2
530,27.0,Non-binary,Facebook,45.0,1.0,8.0,4.0,12.0,Sadness,0,0
531,27.0,Female,LinkedIn,65.0,2.0,17.0,5.0,14.0,Boredom,0,0
532,27.0,Male,Instagram,145.0,7.0,80.0,30.0,35.0,Happiness,0,1
533,27.0,Non-binary,Twitter,70.0,3.0,30.0,14.0,18.0,Neutral,0,2
534,27.0,Female,Instagram,130.0,6.0,95.0,22.0,28.0,Sadness,0,1
535,27.0,Male,Facebook,65.0,2.0,27.0,11.0,22.0,Anxiety,0,0
536,27.0,Non-binary,LinkedIn,55.0,1.0,11.0,6.0,11.0,Boredom,0,0
537,27.0,Female,Instagram,170.0,7.0,95.0,30.0,38.0,Happiness,0,1
538,27.0,Male,Twitter,85.0,4.0,45.0,18.0,24.0,Anger,0,2
539,27.0,Female,Instagram,115.0,3.0,60.0,17.0,30.0,Neutral,0,2
540,27.0,Non-binary,Facebook,100.0,2.0,22.0,12.0,25.0,Anxiety,0,0
541,27.0,Male,LinkedIn,45.0,1.0,9.0,4.0,10.0,Sadness,0,0
542,27.0,Female,Instagram,150.0,6.0,90.0,26.0,30.0,Happiness,0,1
543,27.0,Male,Twitter,95.0,4.0,50.0,22.0,22.0,Anger,0,2
544,27.0,Non-binary,Facebook,105.0,2.0,25.0,12.0,18.0,Neutral,0,0
545,27.0,Female,LinkedIn,60.0,1.0,15.0,7.0,14.0,Boredom,0,0
546,27.0,Male,Instagram,175.0,7.0,100.0,33.0,38.0,Happiness,0,1
547,27.0,Female,Twitter,90.0,3.0,37.0,14.0,20.0,Sadness,0,2
548,27.0,Non-binary,Facebook,75.0,2.0,30.0,12.0,18.0,Anxiety,0,0
549,27.0,Male,Instagram,130.0,5.0,80.0,28.0,31.0,Neutral,0,1
550,27.0,Female,LinkedIn,55.0,1.0,12.0,6.0,10.0,Boredom,0,0
551,27.0,Male,Instagram,165.0,6.0,85.0,30.0,28.0,Happiness,0,1
552,27.0,Female,Twitter,75.0,3.0,33.0,18.0,19.0,Anger,0,2
553,27.0,Non-binary,Facebook,85.0,2.0,27.0,9.0,20.0,Neutral,0,0
554,27.0,Female,Instagram,145.0,4.0,65.0,23.0,35.0,Sadness,0,2
555,27.0,Male,LinkedIn,60.0,1.0,15.0,7.0,17.0,Anxiety,0,0
556,27.0,Female,Whatsapp,70.0,2.0,42.0,10.0,21.0,Anxiety,0,0
557,27.0,Male,Telegram,90.0,3.0,22.0,11.0,22.0,Boredom,0,0
558,27.0,Non-binary,Snapchat,50.0,2.0,18.0,7.0,18.0,Sadness,0,0
559,27.0,Female,Twitter,95.0,4.0,48.0,22.0,25.0,Happiness,0,2
560,27.0,Male,Facebook,60.0,1.0,12.0,5.0,15.0,Boredom,0,0
561,27.0,Female,Instagram,175.0,6.0,72.0,30.0,33.0,Happiness,0,1
562,27.0,Male,Whatsapp,70.0,3.0,22.0,10.0,18.0,Anger,0,0
563,27.0,Non-binary,Telegram,80.0,2.0,21.0,8.0,20.0,Neutral,0,0
564,27.0,Female,Snapchat,120.0,4.0,55.0,18.0,30.0,Anxiety,0,2
565,27.0,Male,Twitter,90.0,6.0,42.0,14.0,26.0,Sadness,0,2
566,27.0,Non-binary,Facebook,60.0,1.0,12.0,4.0,12.0,Boredom,0,0
567,27.0,Male,Instagram,165.0,5.0,78.0,23.0,35.0,Happiness,0,1
568,27.0,Female,Whatsapp,65.0,2.0,27.0,10.0,20.0,Neutral,0,0
569,27.0,Male,Telegram,105.0,3.0,48.0,20.0,28.0,Anxiety,0,2
570,27.0,Non-binary,Snapchat,75.0,2.0,21.0,8.0,20.0,Sadness,0,0
571,27.0,Female,Instagram,140.0,4.0,65.0,22.0,30.0,Happiness,0,2
572,27.0,Male,Twitter,70.0,1.0,13.0,8.0,10.0,Boredom,0,0
573,27.0,Non-binary,Facebook,55.0,3.0,17.0,7.0,12.0,Neutral,0,0
574,27.0,Female,Whatsapp,90.0,2.0,24.0,12.0,22.0,Anger,0,0
575,27.0,Male,Telegram,80.0,4.0,30.0,13.0,25.0,Neutral,0,2
576,27.0,Non-binary,Snapchat,115.0,3.0,38.0,18.0,27.0,Anxiety,0,2
577,27.0,Female,Instagram,155.0,6.0,75.0,25.0,38.0,Happiness,0,1
578,27.0,Male,Twitter,75.0,2.0,23.0,12.0,18.0,Sadness,0,0
579,27.0,Non-binary,Facebook,65.0,1.0,13.0,7.0,14.0,Anxiety,0,0
580,27.0,Female,Whatsapp,90.0,4.0,37.0,18.0,20.0,Neutral,0,2
581,27.0,Male,Telegram,50.0,2.0,20.0,10.0,12.0,Sadness,0,0
582,27.0,Non-binary,Snapchat,85.0,3.0,33.0,20.0,18.0,Happiness,0,2
583,27.0,Female,Instagram,120.0,5.0,60.0,25.0,25.0,Anger,0,2
584,27.0,Male,Twitter,70.0,1.0,22.0,7.0,22.0,Neutral,0,0
585,27.0,Non-binary,Facebook,75.0,2.0,20.0,8.0,20.0,Boredom,0,0
586,27.0,Female,Whatsapp,100.0,4.0,37.0,14.0,26.0,Anxiety,0,2
587,27.0,Male,Telegram,85.0,3.0,45.0,20.0,28.0,Sadness,0,2
588,27.0,Non-binary,Snapchat,60.0,1.0,18.0,7.0,12.0,Neutral,0,0
589,27.0,Female,Instagram,170.0,6.0,83.0,30.0,33.0,Happiness,0,1
590,27.0,Male,Twitter,70.0,2.0,30.0,12.0,20.0,Anxiety,0,0
591,27.0,Non-binary,Facebook,50.0,1.0,10.0,4.0,10.0,Boredom,0,0
592,27.0,Female,Whatsapp,105.0,4.0,55.0,25.0,25.0,Anger,0,2
593,27.0,Male,Telegram,75.0,3.0,37.0,16.0,22.0,Neutral,0,2
594,27.0,Female,Snapchat,95.0,2.0,23.0,10.0,28.0,Sadness,0,0
595,27.0,Male,Instagram,150.0,5.0,70.0,25.0,30.0,Anxiety,0,1
596,27.0,Non-binary,Twitter,85.0,4.0,35.0,18.0,18.0,Boredom,0,2
597,27.0,Female,Facebook,70.0,1.0,14.0,6.0,10.0,Neutral,0,0
598,27.0,Male,Whatsapp,110.0,3.0,50.0,25.0,25.0,Happiness,0,2
599,27.0,Non-binary,Telegram,60.0,2.0,18.0,8.0,18.0,Anger,0,0
600,27.0,Female,Snapchat,120.0,4.0,40.0,18.0,22.0,Neutral,0,2
601,27.0,Female,Instagram,120.0,5.0,50.0,20.0,25.0,Happiness,0,2
602,27.0,Male,Twitter,90.0,4.0,30.0,20.0,22.0,Anger,0,2
603,27.0,Non-binary,Facebook,60.0,2.0,20.0,10.0,15.0,Neutral,0,0
604,27.0,Female,Instagram,200.0,8.0,110.0,40.0,45.0,Anxiety,0,1
605,27.0,Male,LinkedIn,45.0,1.0,10.0,5.0,12.0,Boredom,0,0
606,27.0,Male,Instagram,150.0,5.0,65.0,25.0,30.0,Happiness,0,1
607,27.0,Female,Twitter,85.0,3.0,40.0,18.0,20.0,Anger,0,2
608,27.0,Non-binary,Facebook,110.0,6.0,35.0,16.0,25.0,Sadness,0,2
609,27.0,Female,LinkedIn,55.0,2.0,15.0,5.0,10.0,Neutral,0,0
610,27.0,Male,Instagram,170.0,7.0,90.0,35.0,40.0,Happiness,0,1
611,27.0,Female,Twitter,75.0,4.0,45.0,20.0,25.0,Anxiety,0,2
612,27.0,Non-binary,Facebook,95.0,3.0,30.0,14.0,18.0,Sadness,0,2
613,27.0,Male,LinkedIn,65.0,1.0,14.0,6.0,15.0,Boredom,0,0
614,27.0,Female,Instagram,180.0,8.0,100.0,38.0,45.0,Happiness,0,1
615,27.0,Male,Twitter,100.0,6.0,50.0,30.0,29.0,Anger,0,1
616,27.0,Non-binary,Facebook,40.0,1.0,10.0,4.0,12.0,Neutral,0,0
617,27.0,Female,Instagram,125.0,5.0,65.0,22.0,28.0,Anxiety,0,2
618,27.0,Male,Twitter,90.0,3.0,40.0,16.0,24.0,Sadness,0,2
619,27.0,Non-binary,LinkedIn,50.0,1.0,12.0,6.0,12.0,Neutral,0,0
620,27.0,Female,Instagram,140.0,6.0,75.0,28.0,30.0,Happiness,0,1
621,27.0,Male,Facebook,75.0,2.0,30.0,14.0,20.0,Anxiety,0,0
622,27.0,Female,Twitter,105.0,4.0,35.0,20.0,23.0,Anger,0,2
623,27.0,Male,LinkedIn,60.0,2.0,17.0,8.0,15.0,Boredom,0,0
624,27.0,Non-binary,Instagram,190.0,8.0,105.0,36.0,50.0,Happiness,0,1
625,27.0,Female,Twitter,70.0,3.0,25.0,16.0,15.0,Sadness,0,2
626,27.0,Male,Facebook,80.0,2.0,20.0,10.0,20.0,Neutral,0,0
627,27.0,Non-binary,LinkedIn,55.0,1.0,12.0,5.0,11.0,Anxiety,0,0
628,27.0,Female,Instagram,160.0,6.0,85.0,26.0,30.0,Happiness,0,1
629,27.0,Male,Twitter,90.0,4.0,43.0,19.0,24.0,Anger,0,2
630,27.0,Non-binary,Facebook,45.0,1.0,8.0,4.0,12.0,Sadness,0,0
631,27.0,Female,LinkedIn,65.0,2.0,17.0,5.0,14.0,Boredom,0,0
632,27.0,Male,Instagram,145.0,7.0,80.0,30.0,35.0,Happiness,0,1
633,27.0,Non-binary,Twitter,70.0,3.0,30.0,14.0,18.0,Neutral,0,2
634,27.0,Female,Instagram,130.0,6.0,95.0,22.0,28.0,Sadness,0,1
635,27.0,Male,Facebook,65.0,2.0,27.0,11.0,22.0,Anxiety,0,0
636,27.0,Non-binary,LinkedIn,55.0,1.0,11.0,6.0,11.0,Boredom,0,0
637,27.0,Female,Instagram,170.0,7.0,95.0,30.0,38.0,Happiness,0,1
638,27.0,Male,Twitter,85.0,4.0,45.0,18.0,24.0,Anger,0,2
639,27.0,Female,Instagram,115.0,3.0,60.0,17.0,30.0,Neutral,0,2
640,27.0,Non-binary,Facebook,100.0,2.0,22.0,12.0,25.0,Anxiety,0,0
641,27.0,Male,LinkedIn,45.0,1.0,9.0,4.0,10.0,Sadness,0,0
642,27.0,Female,Instagram,150.0,6.0,90.0,26.0,30.0,Happiness,0,1
643,27.0,Male,Twitter,95.0,4.0,50.0,22.0,22.0,Anger,0,2
644,27.0,Non-binary,Facebook,105.0,2.0,25.0,12.0,18.0,Neutral,0,0
645,27.0,Female,LinkedIn,60.0,1.0,15.0,7.0,14.0,Boredom,0,0
646,27.0,Male,Instagram,175.0,7.0,100.0,33.0,38.0,Happiness,0,1
647,27.0,Female,Twitter,90.0,3.0,37.0,14.0,20.0,Sadness,0,2
648,27.0,Non-binary,Facebook,75.0,2.0,30.0,12.0,18.0,Anxiety,0,0
649,27.0,Male,Instagram,130.0,5.0,80.0,28.0,31.0,Neutral,0,1
650,27.0,Female,LinkedIn,55.0,1.0,12.0,6.0,10.0,Boredom,0,0
651,27.0,Male,Instagram,165.0,6.0,85.0,30.0,28.0,Happiness,0,1
652,27.0,Female,Twitter,75.0,3.0,33.0,18.0,19.0,Anger,0,2
653,27.0,Non-binary,Facebook,85.0,2.0,27.0,9.0,20.0,Neutral,0,0
654,27.0,Female,Instagram,145.0,4.0,65.0,23.0,35.0,Sadness,0,2
655,27.0,Male,LinkedIn,60.0,1.0,15.0,7.0,17.0,Anxiety,0,0
656,27.0,Female,Whatsapp,70.0,2.0,42.0,10.0,21.0,Anxiety,0,0
657,27.0,Male,Telegram,90.0,3.0,22.0,11.0,22.0,Boredom,0,0
658,27.0,Non-binary,Snapchat,50.0,2.0,18.0,7.0,18.0,Sadness,0,0
659,27.0,Female,Twitter,95.0,4.0,48.0,22.0,25.0,Happiness,0,2
660,27.0,Male,Facebook,60.0,1.0,12.0,5.0,15.0,Boredom,0,0
661,27.0,Female,Instagram,175.0,6.0,72.0,30.0,33.0,Happiness,0,1
662,27.0,Male,Whatsapp,70.0,3.0,22.0,10.0,18.0,Anger,0,0
663,27.0,Non-binary,Telegram,80.0,2.0,21.0,8.0,20.0,Neutral,0,0
664,27.0,Female,Snapchat,120.0,4.0,55.0,18.0,30.0,Anxiety,0,2
665,27.0,Male,Twitter,90.0,6.0,42.0,14.0,26.0,Sadness,0,2
666,27.0,Non-binary,Facebook,60.0,1.0,12.0,4.0,12.0,Boredom,0,0
667,27.0,Male,Instagram,165.0,5.0,78.0,23.0,35.0,Happiness,0,1
668,27.0,Female,Whatsapp,65.0,2.0,27.0,10.0,20.0,Neutral,0,0
669,27.0,Male,Telegram,105.0,3.0,48.0,20.0,28.0,Anxiety,0,2
670,27.0,Non-binary,Snapchat,75.0,2.0,21.0,8.0,20.0,Sadness,0,0
671,27.0,Female,Instagram,140.0,4.0,65.0,22.0,30.0,Happiness,0,2
672,27.0,Male,Twitter,70.0,1.0,13.0,8.0,10.0,Boredom,0,0
673,27.0,Non-binary,Facebook,55.0,3.0,17.0,7.0,12.0,Neutral,0,0
674,27.0,Female,Whatsapp,90.0,2.0,24.0,12.0,22.0,Anger,0,0
675,27.0,Male,Telegram,80.0,4.0,30.0,13.0,25.0,Neutral,0,2
676,27.0,Non-binary,Snapchat,115.0,3.0,38.0,18.0,27.0,Anxiety,0,2
677,27.0,Female,Instagram,155.0,6.0,75.0,25.0,38.0,Happiness,0,1
678,27.0,Male,Twitter,75.0,2.0,23.0,12.0,18.0,Sadness,0,0
679,27.0,Non-binary,Facebook,65.0,1.0,13.0,7.0,14.0,Anxiety,0,0
680,27.0,Female,Whatsapp,90.0,4.0,37.0,18.0,20.0,Neutral,0,2
681,27.0,Male,Telegram,50.0,2.0,20.0,10.0,12.0,Sadness,0,0
682,27.0,Non-binary,Snapchat,85.0,3.0,33.0,20.0,18.0,Happiness,0,2
683,27.0,Female,Instagram,120.0,5.0,60.0,25.0,25.0,Anger,0,2
684,27.0,Male,Twitter,70.0,1.0,22.0,7.0,22.0,Neutral,0,0
685,27.0,Non-binary,Facebook,75.0,2.0,20.0,8.0,20.0,Boredom,0,0
686,27.0,Female,Whatsapp,100.0,4.0,37.0,14.0,26.0,Anxiety,0,2
687,27.0,Male,Telegram,85.0,3.0,45.0,20.0,28.0,Sadness,0,2
688,27.0,Non-binary,Snapchat,60.0,1.0,18.0,7.0,12.0,Neutral,0,0
689,27.0,Female,Instagram,170.0,6.0,83.0,30.0,33.0,Happiness,0,1
690,27.0,Male,Twitter,70.0,2.0,30.0,12.0,20.0,Anxiety,0,0
691,27.0,Non-binary,Facebook,50.0,1.0,10.0,4.0,10.0,Boredom,0,0
692,27.0,Female,Whatsapp,105.0,4.0,55.0,25.0,25.0,Anger,0,2
693,27.0,Male,Telegram,75.0,3.0,37.0,16.0,22.0,Neutral,0,2
694,27.0,Female,Snapchat,95.0,2.0,23.0,10.0,28.0,Sadness,0,0
695,27.0,Male,Instagram,150.0,5.0,70.0,25.0,30.0,Anxiety,0,1
696,27.0,Non-binary,Twitter,85.0,4.0,35.0,18.0,18.0,Boredom,0,2
697,27.0,Female,Facebook,70.0,1.0,14.0,6.0,10.0,Neutral,0,0
698,27.0,Male,Whatsapp,110.0,3.0,50.0,25.0,25.0,Happiness,0,2
699,27.0,Non-binary,Telegram,60.0,2.0,18.0,8.0,18.0,Anger,0,0
700,27.0,Female,Snapchat,120.0,4.0,40.0,18.0,22.0,Neutral,0,2
701,27.0,Female,Instagram,120.0,5.0,50.0,20.0,25.0,Happiness,0,2
702,27.0,Male,Twitter,90.0,4.0,30.0,20.0,22.0,Anger,0,2
703,27.0,Non-binary,Facebook,60.0,2.0,20.0,10.0,15.0,Neutral,0,0
704,27.0,Female,Instagram,200.0,8.0,110.0,40.0,45.0,Anxiety,0,1
705,27.0,Male,LinkedIn,45.0,1.0,10.0,5.0,12.0,Boredom,0,0
706,27.0,Male,Instagram,150.0,5.0,65.0,25.0,30.0,Happiness,0,1
707,27.0,Female,Twitter,85.0,3.0,40.0,18.0,20.0,Anger,0,2
708,27.0,Non-binary,Facebook,110.0,6.0,35.0,16.0,25.0,Sadness,0,2
709,27.0,Female,LinkedIn,55.0,2.0,15.0,5.0,10.0,Neutral,0,0
710,27.0,Male,Instagram,170.0,7.0,90.0,35.0,40.0,Happiness,0,1
711,27.0,Female,Twitter,75.0,4.0,45.0,20.0,25.0,Anxiety,0,2
712,27.0,Non-binary,Facebook,95.0,3.0,30.0,14.0,18.0,Sadness,0,2
713,27.0,Male,LinkedIn,65.0,1.0,14.0,6.0,15.0,Boredom,0,0
714,27.0,Female,Instagram,180.0,8.0,100.0,38.0,45.0,Happiness,0,1
715,27.0,Male,Twitter,100.0,6.0,50.0,30.0,29.0,Anger,0,1
716,27.0,Non-binary,Facebook,40.0,1.0,10.0,4.0,12.0,Neutral,0,0
717,27.0,Female,Instagram,125.0,5.0,65.0,22.0,28.0,Anxiety,0,2
718,27.0,Male,Twitter,90.0,3.0,40.0,16.0,24.0,Sadness,0,2
719,27.0,Non-binary,LinkedIn,50.0,1.0,12.0,6.0,12.0,Neutral,0,0
720,27.0,Female,Instagram,140.0,6.0,75.0,28.0,30.0,Happiness,0,1
721,27.0,Male,Facebook,75.0,2.0,30.0,14.0,20.0,Anxiety,0,0
722,27.0,Female,Twitter,105.0,4.0,35.0,20.0,23.0,Anger,0,2
723,27.0,Male,LinkedIn,60.0,2.0,17.0,8.0,15.0,Boredom,0,0
724,27.0,Non-binary,Instagram,190.0,8.0,105.0,36.0,50.0,Happiness,0,1
725,27.0,Female,Twitter,70.0,3.0,25.0,16.0,15.0,Sadness,0,2
726,27.0,Male,Facebook,80.0,2.0,20.0,10.0,20.0,Neutral,0,0
727,27.0,Non-binary,LinkedIn,55.0,1.0,12.0,5.0,11.0,Anxiety,0,0
728,27.0,Female,Instagram,160.0,6.0,85.0,26.0,30.0,Happiness,0,1
729,27.0,Male,Twitter,90.0,4.0,43.0,19.0,24.0,Anger,0,2
730,27.0,Non-binary,Facebook,45.0,1.0,8.0,4.0,12.0,Sadness,0,0
731,27.0,Female,LinkedIn,65.0,2.0,17.0,5.0,14.0,Boredom,0,0
732,27.0,Male,Instagram,145.0,7.0,80.0,30.0,35.0,Happiness,0,1
733,27.0,Non-binary,Twitter,70.0,3.0,30.0,14.0,18.0,Neutral,0,2
734,27.0,Female,Instagram,130.0,6.0,95.0,22.0,28.0,Sadness,0,1
735,27.0,Male,Facebook,65.0,2.0,27.0,11.0,22.0,Anxiety,0,0
736,27.0,Non-binary,LinkedIn,55.0,1.0,11.0,6.0,11.0,Boredom,0,0
737,27.0,Female,Instagram,170.0,7.0,95.0,30.0,38.0,Happiness,0,1
738,27.0,Male,Twitter,85.0,4.0,45.0,18.0,24.0,Anger,0,2
739,27.0,Female,Instagram,115.0,3.0,60.0,17.0,30.0,Neutral,0,2
740,27.0,Non-binary,Facebook,100.0,2.0,22.0,12.0,25.0,Anxiety,0,0
741,27.0,Male,LinkedIn,45.0,1.0,9.0,4.0,10.0,Sadness,0,0
742,27.0,Female,Instagram,150.0,6.0,90.0,26.0,30.0,Happiness,0,1
743,27.0,Male,Twitter,95.0,4.0,50.0,22.0,22.0,Anger,0,2
744,27.0,Non-binary,Facebook,105.0,2.0,25.0,12.0,18.0,Neutral,0,0
745,27.0,Female,LinkedIn,60.0,1.0,15.0,7.0,14.0,Boredom,0,0
746,27.0,Male,Instagram,175.0,7.0,100.0,33.0,38.0,Happiness,0,1
747,27.0,Female,Twitter,90.0,3.0,37.0,14.0,20.0,Sadness,0,2
748,27.0,Non-binary,Facebook,75.0,2.0,30.0,12.0,18.0,Anxiety,0,0
749,27.0,Male,Instagram,130.0,5.0,80.0,28.0,31.0,Neutral,0,1
750,27.0,Female,LinkedIn,55.0,1.0,12.0,6.0,10.0,Boredom,0,0
789,27.0,Female,Instagram,170.0,6.0,83.0,30.0,33.0,Happiness,0,1
790,27.0,Male,Twitter,70.0,2.0,30.0,12.0,20.0,Anxiety,0,0
791,27.0,Non-binary,Facebook,50.0,1.0,10.0,4.0,10.0,Boredom,0,0
792,27.0,Female,Whatsapp,105.0,4.0,55.0,25.0,25.0,Anger,0,2
793,27.0,Male,Telegram,75.0,3.0,37.0,16.0,22.0,Neutral,0,2
794,27.0,Female,Snapchat,95.0,2.0,23.0,10.0,28.0,Sadness,0,0
795,27.0,Male,Instagram,150.0,5.0,70.0,25.0,30.0,Anxiety,0,1
796,27.0,Non-binary,Twitter,85.0,4.0,35.0,18.0,18.0,Boredom,0,2
797,27.0,Female,Facebook,70.0,1.0,14.0,6.0,10.0,Neutral,0,0
798,27.0,Male,Whatsapp,110.0,3.0,50.0,25.0,25.0,Happiness,0,2
799,27.0,Non-binary,Telegram,60.0,2.0,18.0,8.0,18.0,Anger,0,0
800,27.0,Female,Snapchat,120.0,4.0,40.0,18.0,22.0,Neutral,0,2
801,27.0,Female,Instagram,120.0,5.0,50.0,20.0,25.0,Happiness,0,2
802,27.0,Male,Twitter,90.0,4.0,30.0,20.0,22.0,Anger,0,2
803,27.0,Non-binary,Facebook,60.0,2.0,20.0,10.0,15.0,Neutral,0,0
804,27.0,Female,Instagram,200.0,8.0,110.0,40.0,45.0,Anxiety,0,1
805,27.0,Male,LinkedIn,45.0,1.0,10.0,5.0,12.0,Boredom,0,0
806,27.0,Male,Instagram,150.0,5.0,65.0,25.0,30.0,Happiness,0,1
807,27.0,Female,Twitter,85.0,3.0,40.0,18.0,20.0,Anger,0,2
808,27.0,Non-binary,Facebook,110.0,6.0,35.0,16.0,25.0,Sadness,0,2
809,27.0,Female,LinkedIn,55.0,2.0,15.0,5.0,10.0,Neutral,0,0
810,27.0,Male,Instagram,170.0,7.0,90.0,35.0,40.0,Happiness,0,1
811,27.0,Female,Twitter,75.0,4.0,45.0,20.0,25.0,Anxiety,0,2
812,27.0,Non-binary,Facebook,95.0,3.0,30.0,14.0,18.0,Sadness,0,2
813,27.0,Male,LinkedIn,65.0,1.0,14.0,6.0,15.0,Boredom,0,0
814,27.0,Female,Instagram,180.0,8.0,100.0,38.0,45.0,Happiness,0,1
815,27.0,Male,Twitter,100.0,6.0,50.0,30.0,29.0,Anger,0,1
816,27.0,Non-binary,Facebook,40.0,1.0,10.0,4.0,12.0,Neutral,0,0
817,27.0,Female,Instagram,125.0,5.0,65.0,22.0,28.0,Anxiety,0,2
818,27.0,Male,Twitter,90.0,3.0,40.0,16.0,24.0,Sadness,0,2
819,27.0,Non-binary,LinkedIn,50.0,1.0,12.0,6.0,12.0,Neutral,0,0
820,27.0,Female,Instagram,140.0,6.0,75.0,28.0,30.0,Happiness,0,1
821,27.0,Male,Facebook,75.0,2.0,30.0,14.0,20.0,Anxiety,0,0
822,27.0,Female,Twitter,105.0,4.0,35.0,20.0,23.0,Anger,0,2
823,27.0,Male,LinkedIn,60.0,2.0,17.0,8.0,15.0,Boredom,0,0
824,27.0,Non-binary,Instagram,190.0,8.0,105.0,36.0,50.0,Happiness,0,1
825,27.0,Female,Twitter,70.0,3.0,25.0,16.0,15.0,Sadness,0,2
826,27.0,Male,Facebook,80.0,2.0,20.0,10.0,20.0,Neutral,0,0
827,27.0,Non-binary,LinkedIn,55.0,1.0,12.0,5.0,11.0,Anxiety,0,0
828,27.0,Female,Instagram,160.0,6.0,85.0,26.0,30.0,Happiness,0,1
829,27.0,Male,Twitter,90.0,4.0,43.0,19.0,24.0,Anger,0,2
830,27.0,Non-binary,Facebook,45.0,1.0,8.0,4.0,12.0,Sadness,0,0
831,27.0,Female,LinkedIn,65.0,2.0,17.0,5.0,14.0,Boredom,0,0
832,27.0,Male,Instagram,145.0,7.0,80.0,30.0,35.0,Happiness,0,1
833,27.0,Non-binary,Twitter,70.0,3.0,30.0,14.0,18.0,Neutral,0,2
834,27.0,Female,Instagram,130.0,6.0,95.0,22.0,28.0,Sadness,0,1
835,27.0,Male,Facebook,65.0,2.0,27.0,11.0,22.0,Anxiety,0,0
836,27.0,Non-binary,LinkedIn,55.0,1.0,11.0,6.0,11.0,Boredom,0,0
837,27.0,Female,Instagram,170.0,7.0,95.0,30.0,38.0,Happiness,0,1
838,27.0,Male,Twitter,85.0,4.0,45.0,18.0,24.0,Anger,0,2
839,27.0,Female,Instagram,115.0,3.0,60.0,17.0,30.0,Neutral,0,2
840,27.0,Non-binary,Facebook,100.0,2.0,22.0,12.0,25.0,Anxiety,0,0
841,27.0,Male,LinkedIn,45.0,1.0,9.0,4.0,10.0,Sadness,0,0
842,27.0,Female,Instagram,150.0,6.0,90.0,26.0,30.0,Happiness,0,1
843,27.0,Male,Twitter,95.0,4.0,50.0,22.0,22.0,Anger,0,2
844,27.0,Non-binary,Facebook,105.0,2.0,25.0,12.0,18.0,Neutral,0,0
845,27.0,Female,LinkedIn,60.0,1.0,15.0,7.0,14.0,Boredom,0,0
846,27.0,Male,Instagram,175.0,7.0,100.0,33.0,38.0,Happiness,0,1
847,27.0,Female,Twitter,90.0,3.0,37.0,14.0,20.0,Sadness,0,2
848,27.0,Non-binary,Facebook,75.0,2.0,30.0,12.0,18.0,Anxiety,0,0
849,27.0,Male,Instagram,130.0,5.0,80.0,28.0,31.0,Neutral,0,1
850,27.0,Female,LinkedIn,55.0,1.0,12.0,6.0,10.0,Boredom,0,0
851,27.0,Male,Instagram,165.0,6.0,85.0,30.0,28.0,Happiness,0,1
852,27.0,Female,Twitter,75.0,3.0,33.0,18.0,19.0,Anger,0,2
853,27.0,Non-binary,Facebook,85.0,2.0,27.0,9.0,20.0,Neutral,0,0
854,27.0,Female,Instagram,145.0,4.0,65.0,23.0,35.0,Sadness,0,2
855,27.0,Male,LinkedIn,60.0,1.0,15.0,7.0,17.0,Anxiety,0,0
856,27.0,Female,Whatsapp,70.0,2.0,42.0,10.0,21.0,Anxiety,0,0
857,27.0,Male,Telegram,90.0,3.0,22.0,11.0,22.0,Boredom,0,0
858,27.0,Non-binary,Snapchat,50.0,2.0,18.0,7.0,18.0,Sadness,0,0
859,27.0,Female,Twitter,95.0,4.0,48.0,22.0,25.0,Happiness,0,2
860,27.0,Male,Facebook,60.0,1.0,12.0,5.0,15.0,Boredom,0,0
861,27.0,Female,Instagram,175.0,6.0,72.0,30.0,33.0,Happiness,0,1
862,27.0,Male,Whatsapp,70.0,3.0,22.0,10.0,18.0,Anger,0,0
863,27.0,Non-binary,Telegram,80.0,2.0,21.0,8.0,20.0,Neutral,0,0
864,27.0,Female,Snapchat,120.0,4.0,55.0,18.0,30.0,Anxiety,0,2
865,27.0,Male,Twitter,90.0,6.0,42.0,14.0,26.0,Sadness,0,2
866,27.0,Non-binary,Facebook,60.0,1.0,12.0,4.0,12.0,Boredom,0,0
867,27.0,Male,Instagram,165.0,5.0,78.0,23.0,35.0,Happiness,0,1
868,27.0,Female,Whatsapp,65.0,2.0,27.0,10.0,20.0,Neutral,0,0
869,27.0,Male,Telegram,105.0,3.0,48.0,20.0,28.0,Anxiety,0,2
870,27.0,Non-binary,Snapchat,75.0,2.0,21.0,8.0,20.0,Sadness,0,0
871,27.0,Female,Instagram,140.0,4.0,65.0,22.0,30.0,Happiness,0,2
872,27.0,Male,Twitter,70.0,1.0,13.0,8.0,10.0,Boredom,0,0
873,27.0,Non-binary,Facebook,55.0,3.0,17.0,7.0,12.0,Neutral,0,0
874,27.0,Female,Whatsapp,90.0,2.0,24.0,12.0,22.0,Anger,0,0
875,27.0,Male,Telegram,80.0,4.0,30.0,13.0,25.0,Neutral,0,2
876,27.0,Non-binary,Snapchat,115.0,3.0,38.0,18.0,27.0,Anxiety,0,2
877,27.0,Female,Instagram,155.0,6.0,75.0,25.0,38.0,Happiness,0,1
878,27.0,Male,Twitter,75.0,2.0,23.0,12.0,18.0,Sadness,0,0
879,27.0,Non-binary,Facebook,65.0,1.0,13.0,7.0,14.0,Anxiety,0,0
880,27.0,Female,Whatsapp,90.0,4.0,37.0,18.0,20.0,Neutral,0,2
881,27.0,Male,Telegram,50.0,2.0,20.0,10.0,12.0,Sadness,0,0
882,27.0,Non-binary,Snapchat,85.0,3.0,33.0,20.0,18.0,Happiness,0,2
883,27.0,Female,Instagram,120.0,5.0,60.0,25.0,25.0,Anger,0,2
884,27.0,Male,Twitter,70.0,1.0,22.0,7.0,22.0,Neutral,0,0
885,27.0,Non-binary,Facebook,75.0,2.0,20.0,8.0,20.0,Boredom,0,0
886,27.0,Female,Whatsapp,100.0,4.0,37.0,14.0,26.0,Anxiety,0,2
887,27.0,Male,Telegram,85.0,3.0,45.0,20.0,28.0,Sadness,0,2
888,27.0,Non-binary,Snapchat,60.0,1.0,18.0,7.0,12.0,Neutral,0,0
889,27.0,Female,Instagram,170.0,6.0,83.0,30.0,33.0,Happiness,0,1
890,27.0,Male,Twitter,70.0,2.0,30.0,12.0,20.0,Anxiety,0,0
891,27.0,Non-binary,Facebook,50.0,1.0,10.0,4.0,10.0,Boredom,0,0
892,27.0,Female,Whatsapp,105.0,4.0,55.0,25.0,25.0,Anger,0,2
893,27.0,Male,Telegram,75.0,3.0,37.0,16.0,22.0,Neutral,0,2
894,27.0,Female,Snapchat,95.0,2.0,23.0,10.0,28.0,Sadness,0,0
895,27.0,Male,Instagram,150.0,5.0,70.0,25.0,30.0,Anxiety,0,1
896,27.0,Non-binary,Twitter,85.0,4.0,35.0,18.0,18.0,Boredom,0,2
897,27.0,Female,Facebook,70.0,1.0,14.0,6.0,10.0,Neutral,0,0
898,27.0,Male,Whatsapp,110.0,3.0,50.0,25.0,25.0,Happiness,0,2
899,27.0,Non-binary,Telegram,60.0,2.0,18.0,8.0,18.0,Anger,0,0
900,27.0,Female,Snapchat,120.0,4.0,40.0,18.0,22.0,Neutral,0,2
901,27.0,Female,Instagram,120.0,5.0,50.0,20.0,25.0,Happiness,0,2
902,27.0,Male,Twitter,90.0,4.0,30.0,20.0,22.0,Anger,0,2
903,27.0,Non-binary,Facebook,60.0,2.0,20.0,10.0,15.0,Neutral,0,0
904,27.0,Female,Instagram,200.0,8.0,110.0,40.0,45.0,Anxiety,0,1
905,27.0,Male,LinkedIn,45.0,1.0,10.0,5.0,12.0,Boredom,0,0
906,27.0,Male,Instagram,150.0,5.0,65.0,25.0,30.0,Happiness,0,1
907,27.0,Female,Twitter,85.0,3.0,40.0,18.0,20.0,Anger,0,2
908,27.0,Non-binary,Facebook,110.0,6.0,35.0,16.0,25.0,Sadness,0,2
909,27.0,Female,LinkedIn,55.0,2.0,15.0,5.0,10.0,Neutral,0,0
910,27.0,Male,Instagram,170.0,7.0,90.0,35.0,40.0,Happiness,0,1
911,27.0,Female,Twitter,75.0,4.0,45.0,20.0,25.0,Anxiety,0,2
912,27.0,Non-binary,Facebook,95.0,3.0,30.0,14.0,18.0,Sadness,0,2
913,27.0,Male,LinkedIn,65.0,1.0,14.0,6.0,15.0,Boredom,0,0
914,27.0,Female,Instagram,180.0,8.0,100.0,38.0,45.0,Happiness,0,1
915,27.0,Male,Twitter,100.0,6.0,50.0,30.0,29.0,Anger,0,1
916,27.0,Non-binary,Facebook,40.0,1.0,10.0,4.0,12.0,Neutral,0,0
917,27.0,Female,Instagram,125.0,5.0,65.0,22.0,28.0,Anxiety,0,2
918,27.0,Male,Twitter,90.0,3.0,40.0,16.0,24.0,Sadness,0,2
919,27.0,Non-binary,LinkedIn,50.0,1.0,12.0,6.0,12.0,Neutral,0,0
920,27.0,Female,Instagram,140.0,6.0,75.0,28.0,30.0,Happiness,0,1
921,27.0,Male,Facebook,75.0,2.0,30.0,14.0,20.0,Anxiety,0,0
922,27.0,Female,Twitter,105.0,4.0,35.0,20.0,23.0,Anger,0,2
923,27.0,Male,LinkedIn,60.0,2.0,17.0,8.0,15.0,Boredom,0,0
924,27.0,Non-binary,Instagram,190.0,8.0,105.0,36.0,50.0,Happiness,0,1
925,27.0,Female,Twitter,70.0,3.0,25.0,16.0,15.0,Sadness,0,2
926,27.0,Male,Facebook,80.0,2.0,20.0,10.0,20.0,Neutral,0,0
927,27.0,Non-binary,LinkedIn,55.0,1.0,12.0,5.0,11.0,Anxiety,0,0
928,27.0,Female,Instagram,160.0,6.0,85.0,26.0,30.0,Happiness,0,1
929,27.0,Male,Twitter,90.0,4.0,43.0,19.0,24.0,Anger,0,2
930,27.0,Non-binary,Facebook,45.0,1.0,8.0,4.0,12.0,Sadness,0,0
931,27.0,Female,LinkedIn,65.0,2.0,17.0,5.0,14.0,Boredom,0,0
932,27.0,Male,Instagram,145.0,7.0,80.0,30.0,35.0,Happiness,0,1
933,27.0,Non-binary,Twitter,70.0,3.0,30.0,14.0,18.0,Neutral,0,2
934,27.0,Female,Instagram,130.0,6.0,95.0,22.0,28.0,Sadness,0,1
935,27.0,Male,Facebook,65.0,2.0,27.0,11.0,22.0,Anxiety,0,0
936,27.0,Non-binary,LinkedIn,55.0,1.0,11.0,6.0,11.0,Boredom,0,0
937,27.0,Female,Instagram,170.0,7.0,95.0,30.0,38.0,Happiness,0,1
938,27.0,Male,Twitter,85.0,4.0,45.0,18.0,24.0,Anger,0,2
939,27.0,Female,Instagram,115.0,3.0,60.0,17.0,30.0,Neutral,0,2
940,27.0,Non-binary,Facebook,100.0,2.0,22.0,12.0,25.0,Anxiety,0,0
941,27.0,Male,LinkedIn,45.0,1.0,9.0,4.0,10.0,Sadness,0,0
942,27.0,Female,Instagram,150.0,6.0,90.0,26.0,30.0,Happiness,0,1
943,27.0,Male,Twitter,95.0,4.0,50.0,22.0,22.0,Anger,0,2
944,27.0,Non-binary,Facebook,105.0,2.0,25.0,12.0,18.0,Neutral,0,0
945,27.0,Female,LinkedIn,60.0,1.0,15.0,7.0,14.0,Boredom,0,0
946,27.0,Male,Instagram,175.0,7.0,100.0,33.0,38.0,Happiness,0,1
947,27.0,Female,Twitter,90.0,3.0,37.0,14.0,20.0,Sadness,0,2
948,27.0,Non-binary,Facebook,75.0,2.0,30.0,12.0,18.0,Anxiety,0,0
949,27.0,Male,Instagram,130.0,5.0,80.0,28.0,31.0,Neutral,0,1
950,27.0,Female,LinkedIn,55.0,1.0,12.0,6.0,10.0,Boredom,0,0
951,27.0,Male,Instagram,165.0,6.0,85.0,30.0,28.0,Happiness,0,1
952,27.0,Female,Twitter,75.0,3.0,33.0,18.0,19.0,Anger,0,2
953,27.0,Non-binary,Facebook,85.0,2.0,27.0,9.0,20.0,Neutral,0,0
954,27.0,Female,Instagram,145.0,4.0,65.0,23.0,35.0,Sadness,0,2
955,27.0,Male,LinkedIn,60.0,1.0,15.0,7.0,17.0,Anxiety,0,0
956,27.0,Female,Whatsapp,70.0,2.0,42.0,10.0,21.0,Anxiety,0,0
957,27.0,Male,Telegram,90.0,3.0,22.0,11.0,22.0,Boredom,0,0
958,27.0,Non-binary,Snapchat,50.0,2.0,18.0,7.0,18.0,Sadness,0,0
959,27.0,Female,Twitter,95.0,4.0,48.0,22.0,25.0,Happiness,0,2
960,27.0,Male,Facebook,60.0,1.0,12.0,5.0,15.0,Boredom,0,0
961,27.0,Female,Instagram,175.0,6.0,72.0,30.0,33.0,Happiness,0,1
962,27.0,Male,Whatsapp,70.0,3.0,22.0,10.0,18.0,Anger,0,0
963,27.0,Non-binary,Telegram,80.0,2.0,21.0,8.0,20.0,Neutral,0,0
964,27.0,Female,Snapchat,120.0,4.0,55.0,18.0,30.0,Anxiety,0,2
965,27.0,Male,Twitter,90.0,6.0,42.0,14.0,26.0,Sadness,0,2
966,27.0,Non-binary,Facebook,60.0,1.0,12.0,4.0,12.0,Boredom,0,0
967,27.0,Male,Instagram,165.0,5.0,78.0,23.0,35.0,Happiness,0,1
968,27.0,Female,Whatsapp,65.0,2.0,27.0,10.0,20.0,Neutral,0,0
969,27.0,Male,Telegram,105.0,3.0,48.0,20.0,28.0,Anxiety,0,2
970,27.0,Non-binary,Snapchat,75.0,2.0,21.0,8.0,20.0,Sadness,0,0
971,27.0,Female,Instagram,140.0,4.0,65.0,22.0,30.0,Happiness,0,2
972,27.0,Male,Twitter,70.0,1.0,13.0,8.0,10.0,Boredom,0,0
973,27.0,Non-binary,Facebook,55.0,3.0,17.0,7.0,12.0,Neutral,0,0
974,27.0,Female,Whatsapp,90.0,2.0,24.0,12.0,22.0,Anger,0,0
975,27.0,Male,Telegram,80.0,4.0,30.0,13.0,25.0,Neutral,0,2
976,27.0,Non-binary,Snapchat,115.0,3.0,38.0,18.0,27.0,Anxiety,0,2
977,27.0,Female,Instagram,155.0,6.0,75.0,25.0,38.0,Happiness,0,1
978,27.0,Male,Twitter,75.0,2.0,23.0,12.0,18.0,Sadness,0,0
979,27.0,Non-binary,Facebook,65.0,1.0,13.0,7.0,14.0,Anxiety,0,0
980,27.0,Female,Whatsapp,90.0,4.0,37.0,18.0,20.0,Neutral,0,2
981,27.0,Male,Telegram,50.0,2.0,20.0,10.0,12.0,Sadness,0,0
982,27.0,Non-binary,Snapchat,85.0,3.0,33.0,20.0,18.0,Happiness,0,2
983,27.0,Female,Instagram,120.0,5.0,60.0,25.0,25.0,Anger,0,2
984,27.0,Male,Twitter,70.0,1.0,22.0,7.0,22.0,Neutral,0,0
985,27.0,Non-binary,Facebook,75.0,2.0,20.0,8.0,20.0,Boredom,0,0
986,27.0,Female,Whatsapp,100.0,4.0,37.0,14.0,26.0,Anxiety,0,2
987,27.0,Male,Telegram,85.0,3.0,45.0,20.0,28.0,Sadness,0,2
988,27.0,Non-binary,Snapchat,60.0,1.0,18.0,7.0,12.0,Neutral,0,0
989,27.0,Female,Instagram,170.0,6.0,83.0,30.0,33.0,Happiness,0,1
990,27.0,Male,Twitter,70.0,2.0,30.0,12.0,20.0,Anxiety,0,0
991,27.0,Non-binary,Facebook,50.0,1.0,10.0,4.0,10.0,Boredom,0,0
992,27.0,Female,Whatsapp,105.0,4.0,55.0,25.0,25.0,Anger,0,2
993,27.0,Male,Telegram,75.0,3.0,37.0,16.0,22.0,Neutral,0,2
994,27.0,Female,Snapchat,95.0,2.0,23.0,10.0,28.0,Sadness,0,0
995,27.0,Male,Instagram,150.0,5.0,70.0,25.0,30.0,Anxiety,0,1
996,27.0,Non-binary,Twitter,85.0,4.0,35.0,18.0,18.0,Boredom,0,2
997,27.0,Female,Facebook,70.0,1.0,14.0,6.0,10.0,Neutral,0,0
998,27.0,Male,Whatsapp,110.0,3.0,50.0,25.0,25.0,Happiness,0,2
999,27.0,Non-binary,Telegram,60.0,2.0,18.0,8.0,18.0,Anger,0,0
1000,27.0,Female,Snapchat,120.0,4.0,40.0,18.0,22.0,Neutral,0,2
